Video ID,Title,Upload Date,Numeric Date,Video Type,Duration,Duration in s,View Count,Like Count,Comment Count
1IqyCayNcwA,$20 vs $200 vs $300 Steak,2026-03-10,20260310,Short,1M9S,69,675517,35182,310
tQWg27P9zM4,This Tuna Tastes Like Steak,2026-02-24,20260224,Short,40S,40,36906550,935118,3481
HyKwtw5lNgw,NYE King Crab Round 4,2026-01-26,20260126,Short,1M36S,96,5997414,195182,2289
z7mVwMY9zvU,"$1,000,000 Blue Lobster Roll",2026-01-20,20260120,Short,48S,48,10437138,300563,985
EODD7d6aZ28,I Tasted the Spiciest Peppers in the World,2025-12-23,20251223,Short,2M45S,165,6105713,349232,6167
hXV1S_u7yPc,$1 vs $50 vs $100 Tuna Sushi,2025-12-17,20251217,Short,53S,53,3551064,123823,637
J7tqgy37zko,I Tried Military Food from EVERY Country,2025-12-08,20251208,Short,2M59S,179,8785116,438590,4234
9PojynDizbk,I Cooked the WAGYU of Land Animals,2025-11-26,20251126,Short,1M46S,106,3468662,146886,1293
oi3vNoo-0Zs,I Ranked EVERY Beef Jerky in the World,2025-11-24,20251124,Short,3M,180,1407249,66765,1190
qvrux62QJ70,The Perfect Thanksgiving Turkey,2025-11-21,20251121,Short,1M1S,61,1555516,70330,544
HATr32J0yCw,I Cooked the Wagyu of Every Bird,2025-11-20,20251120,Short,1M47S,107,4766326,228199,1244
ajDa3jQjO6U,100 Layer Beef Monster,2025-11-07,20251107,Short,50S,50,32146529,1178924,3833
RTwfAxBbGDM,Peach Habanero Brûlée Burnt Ends,2025-10-27,20251027,Short,56S,56,3160904,146994,732
kpIJCxgq_y8,I Cooked the WAGYU of Every Seafood,2025-10-03,20251003,Short,2M2S,122,14028779,686396,2379
DRbTyPfGgsg,I Tested EXTREME Steak Recipes,2025-09-30,20250930,Short,2M31S,151,13619482,550989,1862
CpZEdOqC5-Y,I Tested EXTREME Chicken Recipes,2025-09-17,20250917,Short,2M10S,130,12518827,726434,3303
61W1g566kVw,I Tested EVERY Meat Tenderizer,2025-09-15,20250915,Short,2M25S,145,10675906,511478,3233
eA13YbQkycw,Exotic briskets… like Texas Briskets?,2025-08-28,20250828,Short,1M34S,94,9271359,392014,2430
suWt1WsB398,I Cooked EVERY Exotic Brisket,2025-08-27,20250827,Short,3M,180,4335026,225173,2056
b6NCuJwTIMg,Lobster Crab Boil with ​⁠​⁠a UFC Champ,2025-08-18,20250818,Short,32S,32,1500974,51833,267
dWeg54PVeOg,Inside a Salmon MEGA Farm (20 million lbs),2025-07-28,20250728,Short,46S,46,6994702,216916,1701
E_gckbY2HjE,Cooking Every EXOTIC Salmon,2025-07-23,20250723,Short,2M39S,159,11611005,728416,5824
iczZQVnKzIQ,Rating EVERY Outdoor Boys Meal,2025-07-21,20250721,Short,2M48S,168,21308901,1173499,3907
AsI2TGaVn6E,"$50 vs $2,000 Brisket",2025-07-15,20250715,Short,1M6S,66,11841323,426150,2181
Mk87CPlWzzY,Cooking the World's DEADLIEST Animals,2025-07-09,20250709,Short,3M,180,44202430,2018500,27550
OxjdjieK5Nk,30lb Buffalo Wing,2025-07-02,20250702,Short,30S,30,36032727,733334,2808
LEbDxWMNirM,Fire Grilled Stingray,2025-06-18,20250618,Short,43S,43,10075202,352773,2471
NFbeAas3YN4,Fertilized Duck Egg… Round 2,2025-06-11,20250611,Short,1M2S,62,1765386,56360,2081
nxOk5eZ-W9Y,20 Day Dry Aged Chimichurri Duck,2025-06-04,20250604,Short,40S,40,3066274,102450,362
hziqTqnleM0,I Cooked Every Bird in the World,2025-05-23,20250523,Short,2M57S,177,66000820,3031692,39143
ZVWOwoIv6Bg,"1,000 Garlic Clove Prime Rib @CHEFCUSO",2025-05-21,20250521,Short,35S,35,3496612,106810,552
Uly7TYab6HE,Peter Luger Cowboy Butter Tomahawk,2025-05-11,20250511,Short,40S,40,2441297,98109,342
cw7nr8a7wH0,7 Day Honey Cured Wagyu A5,2025-05-10,20250510,Short,39S,39,27331927,945386,3601
D_QYRTqhtoQ,Barbacoa French Dip Cheese Steak @owen.han,2025-05-08,20250508,Short,40S,40,2165211,82974,269
KflDSgz4KIc,Jumbo Tomahawk for David Beckham,2025-04-30,20250430,Short,56S,56,4975529,165313,754
3tSvjeJZjGI,I Ranked the Best BBQ from EVERY Country,2025-04-23,20250423,Short,2M10S,130,13102830,643662,11265
Q3QiyVSaPZE,I Challenged America’s Best Brisket,2025-04-22,20250422,Short,1M,60,15203874,539375,2127
l1rAb8iNPcQ,Grinding Every Animal Into One Burger @NickDiGiovanni,2025-04-21,20250421,Short,26S,26,9897735,263253,2426
pKuguDpmti4,I Cooked the World’s RAREST Steaks,2025-04-11,20250411,Short,3M,180,7190812,379050,2406
gDfyZaujK6E,I Found Bacon in This Fish…,2025-03-26,20250326,Short,36S,36,13489520,443510,1370
OU4S0FSZkoI,I Covered Lamb in Jam,2025-03-24,20250324,Short,32S,32,2008890,106015,444
P9NbFXKQo-8,Cowboy Butter Lobster Roll,2025-03-19,20250319,Short,40S,40,2042881,100941,640
Aw5vc8jGQCY,"$50 vs $300 vs $1,000 Brisket",2025-03-13,20250313,Short,1M6S,66,31647784,1053336,3710
sMtfXxOt-3o,Citrus Dry Aged Mahi Mahi,2025-03-04,20250304,Short,50S,50,3317981,196375,842
vzXULTmvWnk,I Cooked the World’s CRAZIEST Eggs,2025-02-25,20250225,Short,2M5S,125,37180046,2039958,14427
4UEzMoGvkXQ,"1,000 Garlic Clove Lamb Leg",2025-02-19,20250219,Short,34S,34,4938379,270764,1206
vGx5zex1YCY,7 Day Caramel Soaked Ribs,2025-02-19,20250219,Short,31S,31,1998784,117567,444
lp_Q393jAfw,I Cooked 100lbs of Protein Pt 3,2025-02-13,20250213,Short,1M,60,1774333,108764,570
AByKJ0-wpEs,I Cooked A 70lb Cow Leg,2025-02-12,20250212,Short,1M1S,61,7124064,332646,1056
ig1rlhB5h1Q,I stole a whole cow leg pt 1…,2025-02-11,20250211,Short,44S,44,5920154,218535,257
w4jDx6Wenjw,World’s WORST Tasting Tuna,2025-02-10,20250210,Short,47S,47,4931624,202405,1938
QDBn3_WwbQo,If you find yourself with 20 lobsters…,2025-02-02,20250202,Short,31S,31,6674376,377923,2944
d4Z4HnDTnSA,The Lobster Hot Dog,2025-01-24,20250124,Short,37S,37,1716842,127207,557
kGS_WfpU82Q,When steak put me in the hospital…,2025-01-14,20250114,Short,1M1S,61,11909840,615150,1871
39-CvROyYUQ,7 Day Molasses Cured Tomahawk,2025-01-13,20250113,Short,41S,41,2859114,176891,646
UwfDi4tT5Og,Jalapeño Dry Aged Wagyu A5,2024-12-28,20241228,Short,1M3S,63,4094827,233889,900
jPTERm5G4vM,Deep Fried Prime Rib,2024-12-24,20241224,Short,34S,34,2455873,135830,374
OuM4JtRrIEI,Prime Rib Texas Toast Sandwich,2024-12-20,20241220,Short,43S,43,988484,77120,221
5QuFBdoHReA,The Perfect Prime Rib,2024-12-17,20241217,Short,1M11S,71,4592269,216225,1508
7ED6rGme02E,The Brisket Football (Cooked in Clay),2024-12-16,20241216,Short,1M4S,64,31466898,1461481,3797
zAu4PRyKbu0,Panda Express Ran Out of Chicken…,2024-12-13,20241213,Short,33S,33,850467,58877,315
21ohKsJQA1g,I Tasted The World’s Most EXOTIC Meats,2024-12-12,20241212,Short,1M49S,109,14360033,770710,11959
-LCnCFHbbd8,How to slice every type of steak…,2024-12-11,20241211,Short,1M16S,76,1978635,93543,231
Jgw-HUH55ys,Pork Chop Accordion,2024-12-10,20241210,Short,45S,45,1230231,89373,529
68GyW48XoEU,Dry Aged Camel,2024-12-06,20241206,Short,33S,33,4093718,191928,1301
_I8OQEtRNEc,Buffalo Chicken Mac and Cheese,2024-12-04,20241204,Short,44S,44,960890,80132,326
O2E3ZIUho04,7 Day Honey Cured Steak,2024-12-03,20241203,Short,32S,32,88530635,4247077,12282
AiijhzdSj5Y,30 Tacos in 30 Hours,2024-12-01,20241201,Short,1M,60,1694213,103396,362
xGPQ2c1v5CI,Jalapeño Popper Pork Belly Accordion,2024-11-27,20241127,Short,54S,54,1716582,135728,719
2X0eMqOzyHE,The Perfect Thanksgiving Turkey,2024-11-26,20241126,Short,1M,60,7157255,325147,2606
VG8fgE1e5_g,How to Carve a Turkey,2024-11-25,20241125,Short,36S,36,9320344,409976,1095
mOug1POqBHY,Parm Wheel Dry Aged Steak,2024-11-25,20241125,Short,53S,53,11111160,642577,2107
cauLrvx8-Ew,The World’s Crispiest Turkey,2024-11-24,20241124,Short,46S,46,7298324,428104,1050
vpJIT3m1wik,Prime Rib Pho,2024-11-23,20241123,Short,48S,48,672225,56176,427
r1KO1sWLU4M,Why is this sandwich soggy...,2024-10-30,20241030,Short,32S,32,1360801,80769,542
lSxNFw5muOk,Monte Cristo Big Mac,2024-10-23,20241023,Short,41S,41,2924788,137944,1077
34klRJM77Wk,$200 Zebra Steak,2024-10-21,20241021,Short,27S,27,6348412,311776,2929
3stVLdXiAjw,Truffle Parm Beef Hump,2024-10-18,20241018,Short,49S,49,1375161,80407,382
aQWn6QSUshY,"Forging The World’s Rarest Knife ($50,000)",2024-10-14,20241014,Short,45S,45,15809337,720756,6048
s8VNFro4k3c,Salmon Pastrami (game changer),2024-10-11,20241011,Short,21S,21,4313891,192802,423
ZPtCLU9rVvg,"Harvesting 3,000 lbs of Axis Deer",2024-10-09,20241009,Short,38S,38,3124356,129160,1177
c11YyI2PFVg,Steak School: T-Bone,2024-10-04,20241004,Short,41S,41,2896306,128250,372
eIwOI0XLCTk,Car Cooking: Max vs Costco Hot Dog,2024-09-27,20240927,Short,52S,52,7025830,412149,1301
gNGn90gVozA,Chimichurri Stuffed Chicken,2024-09-25,20240925,Short,34S,34,967150,61186,191
Owxl9dQxqis,"$2,500 Lobster Gnocchi",2024-09-22,20240922,Short,48S,48,9887691,629069,2777
xqBQVqqCGY4,Is this the perfect bite?,2024-09-18,20240918,Short,10S,10,5368424,278238,937
0bQ8whf9Bu0,Best “it’s raw” comment wins (tomahawk BLT),2024-09-11,20240911,Short,14S,14,12579909,494325,10181
E0QYtD8DZ_c,Wagyu A5 vs 2500° Forge,2024-08-26,20240826,Short,44S,44,13119610,677010,1237
Zc0qKEfzKQo,Live Fire Pork Belly Accordion,2024-08-19,20240819,Short,45S,45,5387416,312235,852
ZEh-qvsG3AE,Porchetta Roasted in Chimichurri Salt,2024-08-16,20240816,Short,48S,48,3822583,174955,781
Xg5eyXFgmJo,"$1 vs $5,000 Mac and Cheese",2024-08-13,20240813,Short,1M,60,101179495,3907960,13951
pdp8epfX7jk,Larry the Lobster Boil,2024-08-05,20240805,Short,53S,53,3813072,257908,1542
EI__pA1Rm2o,3 Levels of Duck...,2024-07-31,20240731,Short,44S,44,3606576,220372,677
t2viyjJFNPA,If you find yourself with a whole salmon...,2024-07-26,20240726,Short,36S,36,4571295,258351,1181
GfAf194V0KM,Doctor said I need to eat more vegetables...,2024-07-19,20240719,Short,24S,24,12717199,671335,3923
6JtLxCszFsE,"$3,000 Wagyu A5 Meat Tower",2024-07-10,20240710,Short,28S,28,5235812,270470,1317
V0gUMXDDD0Q,I almost burned down my neighborhood...,2024-07-06,20240706,Short,56S,56,731165,51064,261
k6PclBMD--E,Whole Salmon BURIED in Citrus Salt,2024-07-03,20240703,Short,45S,45,8467523,597735,1346
gR8HUkMWF3o,I took over a butcher shop for a day...,2024-06-29,20240629,Short,51S,51,991338,69543,249
S_qPNUVQd44,Bacon makes EVERYTHING Better,2024-06-28,20240628,Short,41S,41,1770615,111490,520
qe9ao1BBhfI,Deep Fried Dry-Aged Peking Duck,2024-06-25,20240625,Short,48S,48,2416298,156281,427
czPMeUtkQ-8,$250 Wagyu A5 Slim Jim,2024-06-20,20240620,Short,39S,39,5078651,285725,744
JOoM3Qis_1U,Don't watch if you hate butter and bacon...,2024-06-15,20240615,Short,47S,47,12063881,511592,2088
L5y_cvweBgQ,"$2,000 Wagyu Parm Pasta",2024-05-30,20240530,Short,36S,36,95911871,3423725,14428
kwfqjt-XBH8,Cooking a Frozen Brisket,2024-05-26,20240526,Short,42S,42,1320242,102319,269
YW_YtcieURY,Double Crunchwrap Cheeseburger,2024-05-22,20240522,Short,34S,34,2484420,159222,776
7z3WaCmKmWA,Max vs Salt Bae (I disowned my sister),2024-05-17,20240517,Short,29S,29,2732616,135205,470
U-IheOyI82U,"The Steak Review: Salt Bae ($1,000 tomahawk)",2024-05-15,20240515,Short,42S,42,4330859,205139,1492
uTpUh1iOcgQ,Everything I ate in Hawaii (While harvesting invasive species),2024-05-10,20240510,Short,58S,58,1009630,67827,496
GQk9dJmLxXg,I Turned Steak Into Bread,2024-05-01,20240501,Short,32S,32,11390227,616276,1908
5_tuvX5ZqKk,Do you think he'll approve?,2024-05-01,20240501,Short,36S,36,2609190,175072,927
NvG2yteNJeo,Does it Deep Fry? Beef Short Ribs,2024-04-30,20240430,Short,28S,28,2514636,152978,299
t6b4kl2jn5s,Thor’s hammer cooked in fire salt…,2024-04-28,20240428,Short,1M,60,34401395,1636370,5049
5o9tKN4r8D8,The World's Biggest Salmon Chip…,2024-04-27,20240427,Short,59S,59,5537653,360231,1036
u79myUBKyjA,Day in the life at a beef jerky factory,2024-04-25,20240425,Short,58S,58,1505256,95702,313
XUP2UX-Ghsg,Flying with frozen meat...,2024-04-19,20240419,Short,45S,45,6437312,414538,767
vGDWdPipx6g,Cheap Wagyu A5 vs Expensive Grass-fed,2024-04-10,20240410,Short,30S,30,6061752,311915,729
Qf0bKgn5zvg,Cooking for Friends (Fantasy Football Edition),2024-04-02,20240402,Short,53S,53,5802045,351770,896
kBF-QMtCdsY,Peking Brisket,2024-04-01,20240401,Short,49S,49,1073670,70958,254
KbXElPzIW7g,Tomahawk Biggie Mac @albert_cancook,2024-03-18,20240318,Short,31S,31,7940067,440712,1218
BxqTHHAAmkQ,The most important meeting of my life…,2024-03-12,20240312,Short,1M,60,2283949,159064,424
8Wofo0Pyt4o,Crème Brûlée Pork Belly Burnt Ends,2024-03-04,20240304,Short,46S,46,9431439,384219,1834
whs9OexwT5o,“Well Done” Wagyu A5 😳,2024-02-29,20240229,Short,36S,36,6165908,314420,1726
MO1u9sjNlio,What should I call this?,2024-02-28,20240228,Short,9S,9,2388748,85400,3113
p0nwjMREcTs,A special batch of jerky…,2024-02-25,20240225,Short,26S,26,3664819,168275,1137
NGrLLf_QMGc,Deep Fried Pork Belly Accordion,2024-02-22,20240222,Short,22S,22,2169525,119612,532
reUbPP1a0_c,30 Day Dry Aged Buffalo Brisket,2024-02-20,20240220,Short,53S,53,7046705,456834,573
AQJFGq1DEfY,I caught her cheating on Valentine's Day...,2024-02-14,20240214,Short,45S,45,25938821,1219218,6717
KxM-5_FqIBM,This was actually raw...,2024-02-13,20240213,Short,28S,28,3474360,177131,1640
PEbdJgWoZ8w,Impress your valentine with…,2024-02-11,20240211,Short,29S,29,6335596,418805,1452
seEcFZGgtek,Crispy Skin Buffalo Chicken Dip,2024-02-08,20240208,Short,45S,45,6256308,387569,989
LZwkkuEedDM,World's biggest corn dog… meat sticks live at maxjerky.com!,2024-02-06,20240206,Short,22S,22,7309623,172486,1091
LhcdE6mJWX4,She asked me to catch a fish...,2024-02-04,20240204,Short,26S,26,1777676,91772,546
O4ho8IOpmas,Mango Habanero Pork Belly Twists,2024-02-01,20240201,Short,24S,24,1399970,82681,239
3eGqirz2P7Y,Best “juicy” comment wins...,2024-01-25,20240125,Short,9S,9,3287427,128373,5127
0_SdRI7NdMw,Homemade Wagyu A5,2024-01-24,20240124,Short,36S,36,3853946,229315,722
5HYPRF8ZPqQ,Cooking a Prime Rib in 10lb of MSG,2024-01-12,20240112,Short,54S,54,7981151,503503,3585
T33JUBAig3c,NYE King Crab Round 2,2024-01-08,20240108,Short,1M,60,16421126,866691,3732
n_-5Tob_EJQ,24k Gold Dry Aged Ribeye,2023-12-31,20231231,Short,47S,47,1678646,100751,551
Wg3-dP4UGcE,My Brothers Industrial Bakery,2023-12-27,20231227,Short,54S,54,4466830,293374,677
IwCzubRup54,Chili Crisp Injected & Dry Aged Ribeye,2023-12-19,20231219,Short,34S,34,6844067,353677,701
ExQrrKffaK8,Deep Fried Prime Rib,2023-12-18,20231218,Short,34S,34,2537461,134270,421
Jg5yjQrY-t8,Not Your Average Chicken Bacon Ranch,2023-12-16,20231216,Short,19S,19,3485589,184239,564
Cq-qGAcChRM,Steak & Happy Potatoes,2023-12-16,20231216,Short,36S,36,3643234,244460,777
pYwoOxWndls,Car Cooking: Wagyu A5 Big Mac @itsQCP,2023-12-13,20231213,Short,40S,40,15155058,770689,956
PgW60Xw7f60,The Perfect Prime Rib,2023-12-11,20231211,Short,46S,46,1086334,70916,571
cC2d8zjCZPA,The Pizzaball Sub,2023-12-07,20231207,Short,36S,36,672432,42702,322
GvWa-N_IWIE,I accidentally made pink short ribs…,2023-12-03,20231203,Short,42S,42,3354811,195694,559
JX0_STmuigQ,I Marinated Short Ribs for 10 Days...,2023-11-28,20231128,Short,47S,47,2991693,183707,472
8eCovKu12h4,What I ate in China,2023-11-26,20231126,Short,51S,51,4929580,329050,1211
MchzmS7qu7A,Wagyu A5 Steak Accordion,2023-11-24,20231124,Short,1M,60,5878277,350551,1039
xNMTeHu8R8w,Deep Fried Turkey,2023-11-19,20231119,Short,36S,36,8681670,526577,1226
jpqMxSKk1BQ,How to Smoke Meat INDOORS,2023-11-16,20231116,Short,33S,33,9077324,539241,2256
0owVfqYgaJg,Beef vs Tofu,2023-11-11,20231111,Short,20S,20,8737376,453719,4399
z9hiA5fhCOU,The worst cooking appliance of all time...,2023-11-10,20231110,Short,14S,14,6775820,401803,1322
GWDUG2UnSjw,A Plate of Bacon (literally),2023-11-04,20231104,Short,29S,29,7142209,365078,1270
v5SdCKWQM3I,Cooking Brisket in 10lbs of Salt,2023-11-01,20231101,Short,1M,60,27596624,1410441,4904
FoEfFtdwEgc,The Cheapest Wagyu A5 I Could Find...,2023-10-27,20231027,Short,38S,38,5705893,304692,716
_LmRrKu401s,Filet mignon... like a brisket?,2023-10-24,20231024,Short,49S,49,13518331,659976,1865
Twk0OmkN2gE,A peace offering...,2023-10-20,20231020,Short,1M,60,14149875,910966,2566
X3ZfD7W1-cw,Is it Flatbread or Pizza?,2023-10-18,20231018,Short,49S,49,9450032,519324,2758
KRspJcpai-Y,When an old man gives you a chicken...,2023-10-10,20231010,Short,1M,60,3181618,236242,814
W9rsY4QG2NY,Don't Make Promises You Can't Keep...,2023-10-02,20231002,Short,1M,60,62616204,2717545,6703
avhcZ6Iuv2w,Wagyu Tallow Dry Aged Lamb Shoulder,2023-09-28,20230928,Short,52S,52,15855378,858538,2188
6ynfeCAzr0U,Garlic Confit Cowboy Butter,2023-09-20,20230920,Short,29S,29,4812638,321950,589
fztZ-oIXQMk,Chicharron Charcuterie Board,2023-09-11,20230911,Short,41S,41,16120768,872907,3369
wLyQXLeXdc8,McDonald’s Beef Jerky,2023-09-10,20230910,Short,35S,35,3402742,200536,627
WkMPySeHKGY,Rib Cap Wellington… Gordon’s not going to be happy,2023-09-02,20230902,Short,40S,40,1917768,126077,746
YYfB_R2TjLI,The World's Most Expensive Beef Jerky,2023-08-29,20230829,Short,37S,37,2928252,229917,982
bf-Nksvtiww,She Wanted Raw Lobster...,2023-08-22,20230822,Short,30S,30,18834933,680653,6862
KujgczNVy_Q,Dry Aged Fish Catch & Cook,2023-08-18,20230818,Short,1M,60,2871331,213371,657
tIkCThaR4fc,Seafood Feast on a Malaysian Fish Farm,2023-08-04,20230804,Short,44S,44,1303306,93981,634
mDw6gUIdOQs,I Cooked a Wagyu Picanha Like a Brisket,2023-08-03,20230803,Short,30S,30,6397700,318909,1022
s_CMAhCEc5g,Candied Bacon Salmon Board,2023-07-31,20230731,Short,54S,54,6956396,372453,1559
pu9hyOkfV5c,Grow a Weenie,2023-07-23,20230723,Short,19S,19,198460383,3072867,4968
BtkpYb__JG4,Picanha Chip,2023-07-22,20230722,Short,40S,40,10936031,668120,4205
0kGtpQpRPRU,Worlds Biggest Rack of Ribs,2023-07-21,20230721,Short,32S,32,3810394,256487,1336
IiChHK-mzeo,Can I move to FL before my meat defrosts?,2023-07-20,20230720,Short,54S,54,9238982,629470,3235
f4k7ZB64YH8,I Turned Salmon into Cotton Candy,2023-07-17,20230717,Short,26S,26,3324698,186284,1103
hl4hDyMBVvA,Dry Aged Buffalo Chicken,2023-07-16,20230716,Short,44S,44,42305075,2084636,4048
i2xKkIQ8eNU,"Best ""it's raw"" comment wins",2023-07-14,20230714,Short,10S,10,10572541,489746,37624
jsrkJNd7bno,How Chicken Jerky is Made,2023-07-13,20230713,Short,45S,45,2732558,173167,837
E9kgHa6wh-k,Lobster Cheese Dog,2023-07-01,20230701,Short,40S,40,7484230,446308,2042
weO4irlRYuw,Chili Crisp Dry Aged Duck,2023-06-24,20230624,Short,44S,44,4580091,295149,1412
yYLLFEvvaH4,Forbidden Dorito Pt 2,2023-06-20,20230620,Short,15S,15,7309131,357294,1369
Hb63L9YPyZg,Steak School: Picanha,2023-06-16,20230616,Short,44S,44,6009287,322957,1027
JqNNYKSEVeE,Fresh vs Dry Aged Duck,2023-06-14,20230614,Short,45S,45,6396657,378124,950
uLhAzMppX5A,Chicharron Crunch Wrap,2023-06-08,20230608,Short,28S,28,6638911,304631,1373
swTdBdJC1L4,My Biggest Regret,2023-05-21,20230521,Short,1M,60,49943484,2650256,8264
GnjVV-Dl-LI,I Turned Pork Into Cotton Candy,2023-05-15,20230515,Short,43S,43,3217035,201770,1207
3mppFmB_HSA,"1,000 Pounds of Bacon Jerky",2023-05-10,20230510,Short,49S,49,11738971,523695,2494
aP_7yKOk6Ok,A Very Average Steak (Sierra Steak School),2023-05-05,20230505,Short,26S,26,13784194,824068,2234
tX0ZMeEkXGg,My Professional Fishing Career,2023-05-04,20230504,Short,1M,60,6210341,448461,1132
8g6-d57Y7xE,I Cooked a Furry Steak,2023-05-02,20230502,Short,37S,37,6390665,413275,4901
IvaUCK4IxAE,"$10,000 Dry Aged Tuna",2023-04-28,20230428,Short,37S,37,5142387,307396,1012
s486nYbO80Y,The Steak Review: Joshua Weissman’s Steak House,2023-04-25,20230425,Short,53S,53,4732186,279812,664
NP0kQndK4Fw,Wagyu A5 Spam,2023-04-16,20230416,Short,1M,60,19220056,880777,2908
Ij-scaFkBrI,The Budget Friendly Tomahawk,2023-04-10,20230410,Short,24S,24,23272528,978785,5018
AwgwwNQpvuw,The Half Cow Beef-Chetta,2023-04-07,20230407,Short,53S,53,4067018,284358,1828
haIUqAmKqzo,Can You Guess This Cut?,2023-04-05,20230405,Short,9S,9,1854693,80541,1540
rlRPQqKyICY,The Best BBQ in KC is From Texas,2023-04-03,20230403,Short,34S,34,7663292,422734,1954
CkqxjtEyK7I,I Feel Like a Traitor,2023-04-03,20230403,Short,34S,34,1765501,109426,469
UMUL5zvfpuw,“I Can’t Believe It’s Not a Ribeye” (Steak School),2023-04-01,20230401,Short,24S,24,1536128,108196,239
ZeDEaNJzAl8,How Kansas City Thai BBQ is Made,2023-03-28,20230328,Short,34S,34,1560408,93805,345
czQhfN6PEcY,The Craziest Meat Feast of My Life,2023-03-27,20230327,Short,47S,47,1097192,69418,337
i-xJWp2cfww,The Filet Mignapple,2023-03-25,20230325,Short,13S,13,33436174,1100756,4581
iaH_z2raAPY,The Pineapple Mignon,2023-03-25,20230325,Short,14S,14,6354816,328306,3557
5vOGbM3cBJw,My Third Favorite Steak (Steak School),2023-03-24,20230324,Short,26S,26,2841438,212670,425
FZLNlhOgp6U,I Soaked a Ribeye in Coffee for 24hrs Then Dry Aged It,2023-03-14,20230314,Short,42S,42,6799172,436232,1973
4nmr6geoGHI,Wasabi Crusted Toro Taco @valentinetb1,2023-03-09,20230309,Short,28S,28,1871142,103161,528
v1Yv8fS78bc,Cooking a Brisket Like a Steak,2023-03-06,20230306,Short,48S,48,32878423,1653743,2834
XA1auynQxQI,I Cooked Salmon on a Deserted Island,2023-03-03,20230303,Short,59S,59,9230340,615869,2819
n3ixz8Fgw1c,How Alaskan Salmon Gets on Your Plate,2023-03-02,20230302,Short,44S,44,1860049,142194,292
QHlN4nte57Q,First Class Airplane Food Review: Worth It?,2023-03-01,20230301,Short,49S,49,11787275,730150,3691
_K263qh9vyg,"$1 vs $1,000 Wine Taste Test",2023-02-24,20230224,Short,46S,46,3510975,246844,799
35hGDDyKiu0,"I Covered Briskets in Relish, Ketchup, Mayo and Mustard",2023-02-22,20230222,Short,47S,47,23743474,1366037,3746
1cPXvVxxckc,Worlds Hottest Dry Age (9 Million Scoville),2023-02-18,20230218,Short,55S,55,11039097,766487,2071
_Jev7bXNjyc,Brisket vs Tofu,2023-02-14,20230214,Short,20S,20,41523479,1943028,16714
HTpzWqMD45o,I Soaked a Ribeye in Whiskey for 24hrs Then Dry Aged It,2023-02-10,20230210,Short,42S,42,51280232,2362661,9048
8hHkdPDALiU,The Rarest Steak I’ve Ever Cooked,2023-02-09,20230209,Short,27S,27,23342038,1085896,3286
oB8clo4UMEs,I Ate a Freezer Burned Steak,2023-02-08,20230208,Short,42S,42,15082941,920445,1735
4e7LQOgLSCo,We Out-Pizza’d the Hut @ryancantcook,2023-02-07,20230207,Short,23S,23,22323673,1016455,3944
vv48rmFo3lQ,She Didn't Let Me Eat the Filet-O-Fish...,2023-02-06,20230206,Short,26S,26,3230228,172115,660
zqMMm47977g,Dry Aging Turned This Steak Grey...,2023-02-04,20230204,Short,44S,44,3525621,229199,457
GAMY4Hp6s2A,"Best ""it's raw"" comment wins pt. 4",2023-02-03,20230203,Short,10S,10,26504455,583326,40920
H84MZlCK9TE,Best Lamb I Ever Had,2023-02-02,20230202,Short,44S,44,1782694,130024,449
LcNNEZ9i-QA,$300 New Years King Crab,2023-02-01,20230201,Short,49S,49,13798811,863182,2619
N0UVzw1W_Mw,Brisket Stuffed Prime Rib,2023-01-20,20230120,Short,48S,48,6498767,400011,1038
lzapLX2bH3o,Scallop Pasta ft. @itsQCP,2023-01-11,20230111,Short,42S,42,5641622,400502,1013
0zlG1Knt6ZA,Steak Battles: Max vs Peter Luger,2023-01-07,20230107,Short,43S,43,5062946,296628,935
ZYjGfbTH4N0,The Steak Review: Peter Luger Steak House,2023-01-06,20230106,Short,42S,42,5730616,290882,1570
nhmAAy0HYpA,Dry Aged vs Dry Brined vs Wet Brined PULLED PORK,2022-12-30,20221230,Short,1M,60,12449284,761867,1464
scv7vniJ0wg,Dry Aged Pulled Pork,2022-12-29,20221229,Short,39S,39,1465750,119175,341
i3h3uNbgBhE,Dry Aged BRISKET Bacon BLT,2022-12-27,20221227,Short,50S,50,4125392,302027,981
RwTq-5tIcl0,How to Trim a Dry Aged Brisket,2022-12-26,20221226,Short,33S,33,1896334,114029,185
r6cv2JCiLnw,The Perfect Prime Rib,2022-12-22,20221222,Short,59S,59,6465611,359077,2430
b5RmtXKODPo,Brisket Bread (made with ChefsTemp),2022-12-15,20221215,Short,46S,46,8323233,609531,1508
yrFDWPJF4bs,I Soaked a Ribeye in Wine for 24hrs Then Dry Aged It,2022-12-14,20221214,Short,52S,52,24019346,1441527,3343
ZLopuHdqjBc,The Worlds Most Underrated Steak,2022-12-08,20221208,Short,40S,40,11726941,705950,2049
cDseYSjGYIc,15 Day Marinated Brisket,2022-12-07,20221207,Short,47S,47,47529425,2510716,3494
zvktSuKszqk,Short Rib Challah Bao,2022-12-07,20221207,Short,43S,43,1749174,116657,667
z5GPq_pkbR0,Elk Loin Cooked Inside of Salt,2022-11-30,20221130,Short,46S,46,26601215,1370240,6727
SplCbOj2aTI,What it was like celebrating holidays in China,2022-11-25,20221125,Short,1M,60,4077122,402258,930
aSVEV2EmHG8,“The cutest thing you ever made” - My sister,2022-11-22,20221122,Short,40S,40,1914844,142411,633
SYyIbvTD2e8,The Perfect Thanksgiving Turkey,2022-11-21,20221121,Short,1M,60,5687448,348574,1363
OoTiTqf7eZc,Not Your Average Turkey… (Peking Turkey),2022-11-19,20221119,Short,44S,44,6165785,499844,1730
-RG6rob2cNQ,How to carve a Turkey 🦃,2022-11-18,20221118,Short,31S,31,5837497,351657,662
xCbATMWcb1g,Cooking a FROZEN Steak,2022-11-16,20221116,Short,52S,52,33936430,1490477,3788
cNJteplOcNI,Wagyu Tallow Dry Aged Prime Rib,2022-11-15,20221115,Short,46S,46,6869792,445323,1866
a4V3I_3JXac,The Ultimate Surf & Turf,2022-11-12,20221112,Short,34S,34,2135632,143828,594
GGQUOD7K5nU,Dry Aged Roast Beef Sandwich Ft. @NickDiGiovanni,2022-11-11,20221111,Short,31S,31,6070453,372439,1087
JZUKssceS00,APPLEWOOD Liquid Smoke + Coffee Dry Age Pt.3,2022-11-09,20221109,Short,38S,38,2054746,172634,369
BDwni0c9zN4,Powdered Smoke Dry Age Pt. 2,2022-11-08,20221108,Short,40S,40,4696290,356039,661
eHEd5XBr8wA,Cold Smoked THEN Dry Aged Ribeye Pt. 1,2022-11-07,20221107,Short,45S,45,6578050,478338,894
AszOPmzcTmQ,Cooking Steak with a Chef in Alaska,2022-11-06,20221106,Short,54S,54,3436570,283986,723
skL0m25Nj6Y,Dry Aged Alligator (Nashville Hot Gator Sandwich),2022-11-02,20221102,Short,59S,59,15737421,978293,12453
7X3qCbSQhnY,I made my cats favorite food,2022-11-01,20221101,Short,52S,52,10055471,751011,3005
3zypsd9C2sE,The Ultimate Triple Decker Burger,2022-10-31,20221031,Short,49S,49,1720299,162439,821
fwEV4l_gUQE,Smoked Bourbon Marinated Brisket,2022-10-27,20221027,Short,35S,35,1862932,156926,575
CKZN1IfYvC4,Wagyu Short Rib Hot Pocket,2022-10-26,20221026,Short,40S,40,2124867,199039,502
PYm4q_L4bII,What I Used to Eat at Sleep Away Camp…,2022-10-25,20221025,Short,1M,60,2630418,265223,556
Eu_OoXXhLVs,Duck Balls…,2022-10-24,20221024,Short,39S,39,8057152,461409,7041
MQgoIhyc1Jo,The Brisket Baby,2022-10-23,20221023,Short,8S,8,2262628,100044,808
vwnMpfPNyes,I Made Salmon Dumplings in Alaska,2022-10-22,20221022,Short,50S,50,12940174,846960,5195
mqvSULs1a8Q,Smoked Beef Heart,2022-10-21,20221021,Short,46S,46,3056648,274321,1394
cMf3YuR3JUE,The hardest job I ever had…,2022-10-18,20221018,Short,1M,60,17097603,1312494,3391
8W8Au81_gTs,Best “it’s raw” comment wins…,2022-10-17,20221017,Short,12S,12,34123023,1461594,101870
Oz6tS6TLs1o,Gochujang Sesame Dry Age,2022-10-16,20221016,Short,48S,48,5667155,451772,1081
OBhEz6QjmoU,What I Ate in Alaska… but it keeps getting weirder,2022-10-12,20221012,Short,48S,48,2393837,216783,1089
uo1E2vFhAO0,Pulled Pork Ice Cream,2022-10-03,20221003,Short,43S,43,2487694,132711,599
EPudgBJ8uy4,“Meat” Balls (Rocky Mountain Oysters),2022-09-29,20220929,Short,29S,29,13144268,436946,7283
SU8rvi4AzKM,Turned 30 so Made Beef Cheeks,2022-09-27,20220927,Short,9S,9,1254672,82342,589
NPfS-7ma2gY,Beef Tongue Tacos,2022-09-22,20220922,Short,39S,39,22285030,1094198,9515
LHYPFaQzttw,I Ate a Whole Pig (Bachelor Party Pig Pt. 3),2022-09-17,20220917,Short,43S,43,9711200,467655,6035
io5F83eFTkM,I Bought a Pig (Bachelor Party Pig Pt. 1),2022-09-15,20220915,Short,58S,58,47364274,1859955,17726
qW8EYGkZLvc,The Steak Biggie Mac @albert_cancook,2022-09-08,20220908,Short,33S,33,74948850,2880666,6025
KKkF70aah3s,Spicy King Crab Pasta @itsQCP,2022-09-02,20220902,Short,37S,37,6114875,501215,1482
dFh9heGhH_I,Wagyu Tallow Injected Beef Cheeks,2022-08-25,20220825,Short,39S,39,7815545,566951,2894
wKbPJxkiq3c,Pulled Pork Cooked in Clay,2022-08-19,20220819,Short,34S,34,3428449,247540,973
HvM5uz3s0BI,Grilled Branzino with Salmon Egg Beurre Blanc @hwoo.lee,2022-08-18,20220818,Short,31S,31,4732715,324774,970
afKfHQ8TdtI,Chicken Cooked in Clay (Beggar’s Chicken),2022-08-17,20220817,Short,43S,43,43527755,2275850,8772
J7MWMKAHTZQ,Chicken 🥪 with the sandwich king himself @owen.han,2022-08-12,20220812,Short,56S,56,11715113,966760,1457
Z7kYMjQbCKg,Octopus,2022-08-11,20220811,Short,31S,31,11780367,467221,1486
OHqc1Lp8lFU,Mahi Mahi Tacos,2022-08-10,20220810,Short,52S,52,6824461,627502,1915
12DbLCBVIWw,Car Cooking: Max vs Buffalo Wild Wings,2022-08-09,20220809,Short,53S,53,3027273,309978,718
gOlBrPXrFxA,Deconstructed Smoked Chicken,2022-08-02,20220802,Short,37S,37,11711360,856091,2020
41HFHXmc8Ww,Lamb Brisket vs. Wagyu Brisket @GugaFoods,2022-07-28,20220728,Short,31S,31,4210041,298969,722
vJUiXU4xLeQ,The Frankenstein Roast,2022-07-27,20220727,Short,58S,58,16565362,1232664,4163
lkB_4ZPLPl8,The steak accordion (I did something bad),2022-07-25,20220725,Short,42S,42,40988716,2647410,7834
dNbNPmxVuWQ,3 Chicken Wing Mistakes to Stop Making (#3 is game changer),2022-07-23,20220723,Short,47S,47,4434166,384877,2136
pojfDzs5nU4,I suck at making spring rolls @LisaNguyen,2022-07-22,20220722,Short,49S,49,6795036,531389,2742
ArpkopAmU9M,Seasoning a steak with the crust of another steak,2022-07-21,20220721,Short,38S,38,37272499,2183539,9886
Q41FRd8mREk,Rare Japanese Knives (Korin Knife Shop),2022-07-20,20220720,Short,46S,46,7901141,595117,1631
gFfU1RDESmM,I tasted the dry aged impossible meat…,2022-07-19,20220719,Short,43S,43,45512588,2570539,13408
swNm2DvC5uE,Jumbo Chili Cheese Dog,2022-07-06,20220706,Short,29S,29,328240858,5645737,23663
PJnb5spG7lU,Simple Crispy Pork Belly,2022-07-01,20220701,Short,28S,28,6346915,334730,1810
H5RMhDvE7Yk,Wagyu A5 Beef Tartare Burger,2022-06-24,20220624,Short,20S,20,17013129,768067,4171
Yv2ohC5f5mg,Dry Aged Salmon,2022-06-21,20220621,Short,40S,40,16700469,1106249,2642
pyRZyE_yAPo,My Favorite Instant Ramen Recipe pt. 14,2022-06-18,20220618,Short,58S,58,13216344,1037638,4197
xJIPlqTvUSk,I think Gordon hates me,2022-06-17,20220617,Short,32S,32,24274267,1231334,7363
CJU6XUBr4gY,Black Garlic Dry Aged Ribeye,2022-06-16,20220616,Short,33S,33,5654305,379503,1423
p812v2g5tvA,Popcorn Pork,2022-06-07,20220607,Short,10S,10,70803394,2227514,19666
zPjZnPJ2K-o,4 Butter Basting Mistakes to Stop Making,2022-06-03,20220603,Short,48S,48,31059361,1645272,3914
R2Fi2I6RSgk,Dry Aged Impossible (Vegan) Meat,2022-05-31,20220531,Short,17S,17,14335394,697693,6466
YYFlLferi5o,Ghost Pepper Lamb Chops at Michelin Star Restaurant,2022-05-22,20220522,Short,35S,35,2530577,177367,401
TAp87nKCX_E,Wagyu A5 Filet Mignon Tartare,2022-05-16,20220516,Short,44S,44,13172772,770305,3279
9ZUDUG3Im_U,150 Day Dry Aged Spam,2022-05-11,20220511,Short,26S,26,61830321,2852539,7492
dW9w97Afcws,Maple Habanero Pork Twists,2022-05-06,20220506,Short,23S,23,17549026,725866,1412
DMChBhNr08g,The Holy Grail of Beef,2022-05-05,20220505,Short,30S,30,6953815,434236,1603
2FWrcTLYegM,Whole Cod Fish and Chips 🐟,2022-05-03,20220503,Short,48S,48,4411910,299788,1656
5TrcrM_ooiw,Tajin Tequila Dry Age,2022-05-01,20220501,Short,52S,52,5268735,498837,1037
ianyoKUMwK4,A spicy steak on top of Google ft. @LisaNguyen,2022-04-29,20220429,Short,30S,30,6202109,440401,1986
77KIbqv2eEM,Deconstructed Prime Rib,2022-04-28,20220428,Short,1M,60,19426023,1316577,3863
g-hPtKGb8yo,A hen in her nest 🐓,2022-04-19,20220419,Short,1M,60,10653987,764315,2496
Ahx2YptGw3I,Pork Brisket vs Bison Brisket ft. @GugaFoods,2022-04-13,20220413,Short,35S,35,10611832,702136,2332
YQ15ugO3eI8,Pork Chips and Salsa,2022-04-12,20220412,Short,28S,28,2423189,168925,731
PqU8NtHBgCk,Steak Pizza ft. @GugaFoods,2022-04-07,20220407,Short,32S,32,29218688,1535388,7897
GXpioNviYl4,Everything I ate on a luxury cruise,2022-04-05,20220405,Short,59S,59,10000038,712120,3182
EleODaehtgo,The Steak Monster 😈,2022-04-02,20220402,Short,1M,60,115125865,6189635,16337
jPAR4KAajVY,Pick Juice Brined Steak,2022-04-01,20220401,Short,43S,43,14414953,952562,1379
bHgUL_W62sE,Pork Skin Chip,2022-03-27,20220327,Short,46S,46,10059905,668591,4093
JJeznbuGEAI,The Steak Review: IHOP,2022-03-19,20220319,Short,30S,30,7932522,456691,1377
bFRKVoR_Bsg,Dry Aged Bologna,2022-03-18,20220318,Short,27S,27,68417103,2543811,7528
6PDJXdjnWM4,My mom forced me to play the violin,2022-03-12,20220312,Short,1M,60,16050401,1266751,5530
yvy2a3gmNYs,Pork Belly Accordion,2022-03-10,20220310,Short,18S,18,59205157,1907557,5731
rzkrJ7T-HSA,The Steak Review: Cracker Barrel,2022-03-04,20220304,Short,34S,34,3772056,263266,803
GZx2n_sOGj8,Should steaks be left at room temp before cooking?,2022-03-02,20220302,Short,36S,36,9652437,675794,1485
5aAdnro2mx8,Do 15lb lobsters taste bad? ft. @NickDiGiovanni,2022-02-24,20220224,Short,36S,36,46023504,2070687,7056
1LcH86evTyI,How to grill a porterhouse,2022-02-21,20220221,Short,27S,27,10252500,442716,1447
dU_dDHh_LMY,The doctor said I need to eat more fish…,2022-02-18,20220218,Short,15S,15,5840620,317399,2323
MY9l1G6aT_I,The time I got stood up on a date 💔,2022-02-14,20220214,Short,1M,60,43839801,3137242,8772
6iPbI3HAUEo,A Big Brisket Sandwich,2022-02-11,20220211,Short,21S,21,2487226,158649,1079
0y2ntUU5n04,Car Cooking: Red Lobster @NickDiGiovanni,2022-02-08,20220208,Short,57S,57,25425571,2020761,4860
WEfbBm7qTUE,The sandwich from my nightmares,2022-02-07,20220207,Short,25S,25,2472877,190463,1089
NqHZXM3RB9Q,The day I fell in love,2022-02-04,20220204,Short,1M,60,49400799,3021369,8359
gAEAVA9Ippg,Steak Battles: Max vs Ken’s (cops called👮‍♂️),2022-01-29,20220129,Short,56S,56,35267206,2572991,6640
Ms7gIC6i_sA,Duck Fat Chip 🦆,2022-01-26,20220126,Short,42S,42,14904102,831736,3185
czKXBBUezps,The Ultimate Smash Burger,2022-01-25,20220125,Short,47S,47,3107804,272757,1347
k-kEgO4WkeE,Pork Belly Bread 🐷,2022-01-22,20220122,Short,40S,40,5120018,400113,1765
gPGAIx2wC40,28 Day Salt Dry Age 🧂,2022-01-20,20220120,Short,34S,34,8337345,632084,1153
MshH6ajPKP4,Butter Injected Lobster 🦞,2022-01-17,20220117,Short,34S,34,75040718,3476888,19835
YB3hofmgZLo,Homemade McFish,2022-01-15,20220115,Short,29S,29,1413151,120926,384
WpGrl1-GZMA,Chicken and Waffles x TikTok Cake #shorts,2022-01-14,20220114,Short,39S,39,10856159,702588,1834
JUFf5yrZDbA,How did I make money living in China? Ft. Every TikTok creator seasoning #shorts,2022-01-07,20220107,Short,1M,60,37577357,2565445,7969
rGoZfebxjVI,Tofu Ribs (for all my loyal vegan followers) #shorts,2022-01-06,20220106,Short,16S,16,10443802,570885,8920
R6T3D6gu1GI,Has social media made me hate cooking? #shorts,2022-01-03,20220103,Short,1M,60,3135533,230677,1384
bMC13z2GCqc,Best “it’s raw” comment wins (pt 2) #shorts,2021-12-30,20211230,Short,12S,12,4933040,202987,12802
5GaIEvusqbU,Steak Ice Cream #shorts,2021-12-28,20211228,Short,11S,11,19693384,632405,3616
gAj7I7nt_XA,Prime Rib Reuben #shorts,2021-12-26,20211226,Short,21S,21,2222113,140881,718
Hkg2e_9PjMI,What happens if you don’t rest your roast? #shorts,2021-12-25,20211225,Short,24S,24,11193734,520583,3875
l9Yo0I3GSJ4,How to Prep & French a Prime Rib #shorts,2021-12-23,20211223,Short,24S,24,6357683,259926,339
ESBJgrUdykY,Holiday Prime Rib (Thicc crust) #shorts,2021-12-19,20211219,Short,47S,47,3949614,322310,1355
5XC6GjfM7Os,I (kinda) got kicked out of Wendy’s parking lot #shorts,2021-12-15,20211215,Short,59S,59,136424133,7117601,16821
3_OArk8bZNU,CAR COOKING: Sleepover at Wendy's (Max vs Baconator) #shorts,2021-12-15,20211215,Short,1M,60,38062261,2939425,2662
F75zF9pjVUM,Dry Aged Striped Bass #shorts,2021-12-13,20211213,Short,33S,33,2258285,165798,775
fWH79nI3DFU,Car Cooking x Does it Deep Fry: McRib #shorts,2021-12-11,20211211,Short,39S,39,4183674,343357,746
kU_W_YIsFL4,The Tomahawk King (well done & rare) #shorts,2021-12-09,20211209,Short,48S,48,22733155,1414424,8805
lZI4IT2EbIc,The Old Fashioned: Orange & Whisky Dry Age #shorts,2021-12-03,20211203,Short,37S,37,2508302,209417,518
AJ3Py2n_cUY,The Ultimate Seafood Tower #shorts,2021-12-02,20211202,Short,59S,59,1186462,106414,387
DWgJ57LV4RE,Does it Deep Fry: Whole Duck #shorts,2021-12-01,20211201,Short,29S,29,3223492,183564,1352
y3I17q1I0UQ,Pulled Pork Cinnamon Rolls #shorts,2021-11-30,20211130,Short,29S,29,952091,82779,536
blDev_gChA4,$1 vs $100 bite - what does an 8 yr old like more? #shorts,2021-11-28,20211128,Short,50S,50,53929884,2882553,16048
-2exRhKYqRk,Green Dry Aged Turkey #shorts,2021-11-26,20211126,Short,36S,36,8738464,545027,2413
iuhIgUfRz0Y,Surf & Turf Sandwich #shorts,2021-11-25,20211125,Short,29S,29,2386650,171777,919
LJaj3E29N_4,The right way to carve a Turkey #shorts,2021-11-21,20211121,Short,31S,31,3159545,241946,451
KzWS_w6An1U,🍆 Wellington #shorts,2021-11-20,20211120,Short,16S,16,3055977,120917,821
WUGzlHBvm-E,Tomato Wellington 🍅 #shorts,2021-11-20,20211120,Short,16S,16,5756965,232868,1337
koNFDjyt6zw,The Perfect Thanksgiving Turkey #shorts,2021-11-17,20211117,Short,48S,48,5359926,322617,1824
i-15DZuO3u0,100 Day Dry Age Wagyu Beef Shank #shorts,2021-11-16,20211116,Short,1M,60,5712721,464467,1102
53gyRm319-c,The Turkey Wellington #shorts,2021-11-12,20211112,Short,44S,44,1901101,164944,640
5KLhlKMPKss,"Dry Aged Tuna Sushi ($4,000!!) #shorts",2021-11-11,20211111,Short,53S,53,31077615,1809477,6104
qc1aPTPIgvA,Bacon Wrapped Tomahawk #shorts,2021-11-09,20211109,Short,15S,15,2573268,133084,615
18lSwA77zcs,Sour patch kids dry age experiment (don't try this at home) #shorts,2021-11-06,20211106,Short,45S,45,8512133,575248,5807
sZKQVbWVNYI,Eating Duck with Mark Zuckerberg #shorts,2021-11-05,20211105,Short,1M,60,30565524,1788094,7839
Mh_IOsM88Ik,The Ostrich Egg Exploded Before I Could Slice It 🥲 #shorts,2021-11-01,20211101,Short,17S,17,18787308,422844,1867
fGEDb2lUWI4,Should you really cut steaks AGAINST the grain? (Real fire pit) #shorts,2021-10-26,20211026,Short,38S,38,12671103,753076,1690
SfkoDFjAZ8g,How I almost burned down my house #shorts,2021-10-25,20211025,Short,44S,44,3256951,242404,685
WXKp_11ehbQ,Pumpkin Spice Dry Aged Ribeye #shorts,2021-10-24,20211024,Short,37S,37,1734626,136607,473
BjHLQzkMJtw,Does it Deep Fry: Ice #shorts,2021-10-23,20211023,Short,24S,24,5046067,281243,1266
Cun-ny0N4dw,How I almost died buying my first smoker #shorts,2021-10-18,20211018,Short,47S,47,8351782,570139,3948
9cBVeyhW_SE,I dropped this steak in real dirt #shorts,2021-10-17,20211017,Short,11S,11,857450,41829,664
jrqt8aIvKDo,Steak School: New York Strip (Strip Steak) #shorts,2021-10-16,20211016,Short,32S,32,4615658,293148,612
sNsfvfEi27Y,Chocolate & Coffee Dry Aged Ribeye #shorts,2021-10-14,20211014,Short,40S,40,4339909,361068,1188
keAOhf4FFkQ,6 Steak Temps (Ketchup - Vampire) #shorts,2021-10-11,20211011,Short,39S,39,16478827,805886,12460
Hywmhl2eQlQ,Does it Deep Fry: Pork Belly #shorts,2021-10-09,20211009,Short,18S,18,7415067,401816,1749
6KrsRM5d_0s,The Steak Review: Longhorn #shorts,2021-10-06,20211006,Short,31S,31,4081775,284309,672
0AQ_eSNlH78,Turned 29 so cooked 🥩 #shorts,2021-10-02,20211002,Short,8S,8,10607341,368228,2462
MDJjWi0Wzh8,Steak Battles: Max vs Longhorn Steakhouse #shorts,2021-10-01,20211001,Short,44S,44,15292374,1286405,2307
DvawYzNvGbk,Steak of the Sea #shorts,2021-09-29,20210929,Short,11S,11,1310256,56554,422
MRWYEzIF3wM,Spicy Toro Crispy Rice #shorts,2021-09-28,20210928,Short,32S,32,749509,60420,335
H4lekFAtUZM,Grilled Lobster Roll x Truffle Fries #shorts,2021-09-25,20210925,Short,12S,12,1027952,58010,689
gEQeKJsAFSk,Team Medium Rare or Well Done? #shorts,2021-09-23,20210923,Short,29S,29,33898056,1288584,36480
hSg7OFHr1zo,Did I overreact eating the eyeball? #shorts,2021-09-22,20210922,Short,30S,30,3606348,188874,1932
_ndG_gpa3so,Pizza Wings #shorts,2021-09-20,20210920,Short,27S,27,2742135,180155,1794
0Bngto6HLh0,Beefsteak 🍅 #shorts,2021-09-16,20210916,Short,12S,12,12280583,371192,2468
9FpA4sHH-BA,The best way to cook a tomato #shorts,2021-09-16,20210916,Short,12S,12,15181585,621020,5744
fnXL_svhMoQ,Lamb & Peaches for Snoop Dogg #shorts,2021-09-12,20210912,Short,15S,15,1307206,64545,286
UKKxynoBO_w,Steak Battles: Max vs. Texas Roadhouse #shorts,2021-09-11,20210911,Short,29S,29,20689904,1323566,8500
sigPLhr_zFk,Dry Aged Wagyu Burger #shorts,2021-09-09,20210909,Short,28S,28,2710986,193599,1010
bv_mX6fbb38,Steak & Oysters #shorts,2021-09-06,20210906,Short,14S,14,5851838,243828,796
KsQeQ1nJOP4,Next Level Rib Corndogs #shorts,2021-09-04,20210904,Short,20S,20,2418591,183484,564
EbxQnE0d5Lc,Best “it’s raw” comment wins #shorts,2021-08-31,20210831,Short,9S,9,6328695,191755,19082
A3Tqm5k1IA4,Teriyaki WAGYU Burnt Ends #shorts,2021-08-29,20210829,Short,21S,21,1952087,113057,769
kUXXjApmS-E,Butter Basted Steak Tutorial #shorts,2021-08-27,20210827,Short,38S,38,5329689,336241,1408
xPl9Qf7UGWM,Vegan sister makes tuna #shorts,2021-08-23,20210823,Short,12S,12,7622512,226260,3612
PWrP6XwudJM,Watermelon tuna #shorts,2021-08-23,20210823,Short,12S,12,12716317,350412,3552
JU7q3vcEeM0,something's fishy #shorts,2021-08-21,20210821,Short,14S,14,1716544,64437,1279
4UwJhzIKbLw,Filet & Caprese #shorts,2021-08-13,20210813,Short,18S,18,1882147,96882,449
VtPsXzlzVNM,Black Truffle & Cognac Wagyu Ribeye #shorts,2021-08-09,20210809,Short,33S,33,5780415,400631,1445
zQyaFzqnoJQ,Beef Bacon Steak #shorts,2021-08-06,20210806,Short,26S,26,6413244,372014,1326
rBQFGw8li4c,How to make smoked watermelon taste good #shorts,2021-08-03,20210803,Short,13S,13,6746804,229468,1438
bG98sWNFymA,Never wrap with tinfoil... #shorts,2021-08-03,20210803,Short,13S,13,7606811,241654,1734
-Qp7n1It40c,Most Expensive Beef Jerky? #shorts,2021-07-28,20210728,Short,13S,13,4915057,251820,878
biZupXfvcYM,Prime Rib: Beef Bacon X Blue Cheese #shorts,2021-07-26,20210726,Short,53S,53,12418946,907429,3547
l07-1bHwBp4,Beef Bacon Burnt Ends #shorts,2021-07-21,20210721,Short,36S,36,4145305,312252,1171
YDTANv-7k7g,60 Day Dry Aged Picanha (Covered in frosting?) #shorts,2021-07-17,20210717,Short,31S,31,2204874,161328,429
K-jGQmngQEQ,Black Truffle Dry Brined Wagyu #shorts,2021-07-13,20210713,Short,30S,30,4272375,268312,1232
bwaM4sQS1Ek,Trimming a Dry Aged Brisket #shorts,2021-07-12,20210712,Short,40S,40,5749078,390540,973
rrhB85u122o,The Steak Review: The Outback #shorts,2021-07-10,20210710,Short,1M,60,7544273,613898,1292
IGwWbYE9cFs,Forbidden Dorito #shorts,2021-07-06,20210706,Short,12S,12,62312651,1205505,3700
W-x_iacztuQ,4th of July STEAK CAKE (& firework show) #shorts,2021-07-04,20210704,Short,34S,34,1023844,75017,844
XDL4e4969G8,Steak Battles: Max vs. The Outback #shorts,2021-07-01,20210701,Short,54S,54,22764199,1738277,5250
R86b_OuBXDk,Onion Volcano #shorts,2021-06-27,20210627,Short,12S,12,3422318,190107,785
6bCZhAKORW8,Chili Garlic Butter Oysters #shorts,2021-06-19,20210619,Short,13S,13,823186,42581,284
8x5fkS2xECU,Dry Aged Sea Bass Sashimi #shorts,2021-06-17,20210617,Short,26S,26,2354274,139945,631
UUOuTXn2REI,Bulgogi Beef Fried Rice #shorts,2021-06-16,20210616,Short,32S,32,3722086,258156,1866
XqQ6mqKajj0,Catch & Cook: Black Sea Bass CEVICHE #shorts,2021-06-12,20210612,Short,24S,24,1306545,68696,283
np_6Bt59Y80,Watermelon & Mustard: SHOCKING Results #shorts,2021-06-11,20210611,Short,12S,12,4111404,145614,1166
3imf3xPNh4g,Car Cooking: Wagyu A5 at Taco Bell #shorts,2021-06-09,20210609,Short,33S,33,10241272,691437,2186
ibF94yHR2Ug,TikTok said my meat looked dry #shorts,2021-06-08,20210608,Short,15S,15,2589579,116670,3251
eiM8zDAH8dw,The Surf & Turf Crayfish #shorts,2021-06-07,20210607,Short,29S,29,883569,61214,383
WaJW8Cvnr6g,5 Spice Ribs #shorts,2021-06-04,20210604,Short,23S,23,519999,35653,162
i7gA9w-Cxa0,How much meat do I eat? #shorts,2021-06-02,20210602,Short,31S,31,6043885,367898,1857
-b_PbTMbwF0,The 50 Day Dry Aged Brisket Sandwich #shorts,2021-05-27,20210527,Short,31S,31,8234365,414674,1628
jlQYv3hM0uQ,Whiskey Aged Steak #shorts,2021-05-25,20210525,Short,30S,30,11256445,604907,1511
04ECZ_Ohfi4,Steak School: Beef Tenderloin #shorts,2021-05-18,20210518,Short,52S,52,6117312,498302,1288
hIOb9b-xspc,Duck & A Story #shorts,2021-05-17,20210517,Short,31S,31,6538325,308110,1953
40FdljGsWOg,Wine Aged Ribeye #shorts,2021-05-13,20210513,Short,31S,31,2089546,140927,677
S8EzdS4nE0w,Honey Mustard Ribs #shorts,2021-05-11,20210511,Short,28S,28,545864,34722,290
H89U4ZZAQ5U,Candied Bacon X Bourbon Ribs #shorts,2021-05-06,20210506,Short,25S,25,682337,48560,225
DvnZ4ch99PY,Dry Aged Duck #shorts,2021-05-06,20210506,Short,25S,25,37473630,1032573,8558
EJh7o5AzqGU,All Aboard the Twisted Bacon Train #shorts,2021-04-30,20210430,Short,45S,45,3045288,194321,1752
XUW85TmLNJc,The Meat CHESS BOARD #shorts,2021-04-24,20210424,Short,31S,31,3100607,171302,1006
A24cBt35kLA,Duck CONFIT (date night food) #shorts,2021-04-22,20210422,Short,23S,23,867139,43136,258
ygP-cZdTIgQ,Wagyu Tomahawk… Pastrami? #shorts,2021-04-18,20210418,Short,30S,30,3413240,158135,743
XgmLWmc2IsI,Steak and a Story: Why I Started Social Media #shorts,2021-04-16,20210416,Short,43S,43,3678751,259033,1287
yOzjlNzka5w,Choose Your Meat Wisely #shorts,2021-04-13,20210413,Short,27S,27,14593685,459220,4540
7XYGcMlNWOY,Salmon Cinnamon Roll... but FANCY #shorts,2021-04-11,20210411,Short,46S,46,1147052,91644,537
LMWuaQbIoDI,A Guide To Dry Aging: Rib Roast Experiment #shorts,2021-04-08,20210408,Short,39S,39,1180944,90161,261
_QbmYhrzie0,The BASKETBALL Ham #shorts,2021-04-04,20210404,Short,57S,57,8342201,528473,2304
O1Sc8uw6UjM,Lamb Rack WELLINGTON for @gordonramsay #shorts,2021-03-30,20210330,Short,46S,46,1904704,156996,876
V7bTTaZn6Jg,Fitting a Chicken in a Sandwich,2021-03-26,20210326,Short,40S,40,5958627,284748,2272
E9ShGXo5Bww,King Crab JERKY,2021-03-23,20210323,Short,27S,27,2985414,148626,560
fPSQZ91RzTY,Steak School Pt. 2: Skirt Steak 101,2021-03-21,20210321,Short,56S,56,2021413,147977,417
oozpaRAAY9g,WAGYU X Candied Bacon Compound Butter,2021-03-19,20210319,Short,42S,42,1560333,112974,733
iGhX600vU68,Car Cooking: WHOLE Chicken Chick-fil-A,2021-03-13,20210313,Short,41S,41,35847303,1944240,8164
htGQcQzy1Jw,Reverse Sear vs Direct Heat,2021-03-11,20210311,Short,31S,31,2111094,138800,543
FWsWKFUVN_o,King Crab Cake CUPCAKES,2021-03-11,20210311,Short,44S,44,293822,18277,229
z85irTkXMi8,Halloween STEAK CAKE Throwback,2021-03-10,20210310,Short,59S,59,545617,49273,469
LW3nSNGAA8M,DOUBLE CRUST Ribeye,2021-03-10,20210310,Short,59S,59,1602506,100100,567
rFD2BiMxnYU,WAGYU Beef Jerky?,2021-03-09,20210309,Short,53S,53,1416110,112186,723
r2o9WKXQ8Fc,Gordon Ramsay Wasn’t Happy With my Wellington! #shorts,2021-03-09,20210309,Short,53S,53,3144890,192089,1188
ycDG7tDhM7U,DINO Rib Confit,2021-03-08,20210308,Short,36S,36,1425982,84866,477
N8coGPYDkBM,The SCORPION Beef Bomb,2021-03-08,20210308,Short,59S,59,2217520,148377,1593
GIR7dZyKUfo,Grilled STEAK Tutorial: Thin Cuts,2021-03-07,20210307,Short,59S,59,1612647,109510,702
6RbdIE6w_J4,Game changer Cinnamon Toast CRUNCH,2021-03-07,20210307,Short,43S,43,342703,21983,293
sdJLOQVh3Zk,Lobster and CAVIAR Bites,2021-03-06,20210306,Short,46S,46,670688,46739,377
sZr189j3THg,Bacon BREAD BLT: ASMR,2021-03-06,20210306,Short,16S,16,329640,14433,249
-Ou09DfmCgc,Doc Said Add FISH to My Diet,2021-03-05,20210305,Short,21S,21,834304,48354,606
Yfpl9RLbgOg,Car Cooking: The Filet-O-Fish,2021-03-04,20210304,Short,41S,41,24601827,1534767,7615
h-Ry_yTEKAI,Fresh MANGO Habanero Wangz #shorts,2021-03-03,20210303,Short,51S,51,339939,22599,159
G8RZKaoluAk,SQUIRREL TAIL Fish #shorts,2021-03-02,20210302,Short,42S,42,1477284,60015,756
B2i-PHENcJA,Oxtail DUMPLINGS #shorts,2021-02-28,20210228,Short,23S,23,669957,40375,492
p4elMv3PJOk,Taki Chicken Cordon BLUE #shorts,2021-02-28,20210228,Short,30S,30,1115783,50845,600
rsxpryCkHE0,Car Cooking: Fixing the IMPOSSIBLE Burger #shorts,2021-02-27,20210227,Short,41S,41,3499507,248607,1570
O55rt9_JAYA,Smoked Whiskey Glazed Pork Roast #shorts,2021-02-26,20210226,Short,44S,44,470705,31789,209
be0Cal-gs58,Using Snow to Cook a Better Porterhouse #shorts,2021-02-25,20210225,Short,37S,37,2125093,123338,536
Pg3ToNePSRA,Perfect Korean BEEF Marinade #shorts,2021-02-23,20210223,Short,30S,30,566107,27847,203
H8ejRXfIGPg,The IMMORTAL Hot Pocket pt. 2 #shorts,2021-02-22,20210222,Short,32S,32,547597,35701,333
j90UUvwLPKw,The HAMDOG #shorts,2021-02-21,20210221,Short,46S,46,3708222,264803,2470
D8-YO_NcPkQ,Sous Vide x Smoked x Smash BURGER #shorts,2021-02-21,20210221,Short,58S,58,3739864,303018,2047
0_N0fdXYaAA,Fresh Chili Lime WANGZ #shorts,2021-02-20,20210220,Short,54S,54,348750,23067,220
1QdWOB_OMj4,Leg of LAMB: ASMR #shorts,2021-02-18,20210218,Short,16S,16,376595,17764,205
ASYaBkUUMwQ,HABANERO Compound Butter ASMR #shorts,2021-02-17,20210217,Short,15S,15,450678,18839,181
fByMB8ukv7g,BOURBON Glazed Beer Can Turkey #shorts,2021-02-16,20210216,Short,16S,16,383477,14743,243
N6qLoOAHTU0,Steak School: Ribeye 101 in 60 Seconds #shorts,2021-02-15,20210215,Short,59S,59,1128877,65716,355
9aV5f6w3G5A,Bacon Wrapped GOOSE #shorts,2021-02-14,20210214,Short,52S,52,1794469,131084,1373
KbFrYwfC6Uo,Filet Mignon STEAK EXPERIMENT #shorts,2021-02-12,20210212,Short,54S,54,10611896,732321,2127
VYRHp1kg5UU,Jalapeño Smoked SALMON Dip (the perfect dip) #shorts,2021-02-11,20210211,Short,43S,43,493588,28770,258
-kA_6WG4meQ,The SUPER (Bacon & Queso) Bowl #shorts,2021-02-09,20210209,Short,58S,58,1743419,99298,693
NQFnpRx6Ajc,SALMON Bread #shorts,2021-02-07,20210207,Short,47S,47,5042643,320824,1925
8u_L6--738k,Car Cooking: The Oreo McFlurry #shorts,2021-02-04,20210204,Short,59S,59,36416662,2280483,7248
V5uvSbW-Y0o,The PORCHETTA Glizzy Wellington (pt4) #shorts,2021-02-04,20210204,Short,55S,55,1269347,69037,897
lCK6zrwnBGw,Smoked LOBSTER and Garlic Butter #shorts,2021-02-03,20210203,Short,30S,30,601491,33617,430
JvI42klX2so,Bacon STEAK #shorts,2021-02-02,20210202,Short,32S,32,1882035,116270,902
4cuGjdEQ11w,Is DRY BRINING Worth It? Steak Science #shorts,2021-02-01,20210201,Short,58S,58,1466153,71727,351
TduiEN47DIc,The IMMORTAL Hot Pocket pt1,2021-01-31,20210131,Short,56S,56,2347945,132689,1024
d1ClvpNZycs,JUMBO Surf & Turf TEMPURA #shorts,2021-01-29,20210129,Short,40S,40,1083779,45021,467
bde4_GrdjMM,Honey Mustard x Ghost Pepper WANGZ #shorts,2021-01-27,20210127,Short,34S,34,609442,23738,346
9KgJDGLcWmw,CRUNCH WRAP Supreme #shorts,2021-01-25,20210125,Short,59S,59,4849962,320869,2304
feL8t43tLZA,The WAGYU Big Mac (Car Cooking pt4) #shorts,2021-01-24,20210124,Short,41S,41,17271895,910354,3636
hSD48Iop-Ms,Worlds Most EXPENSIVE Beef Jerky (A5 Wagyu Filet Mignon) #shorts,2021-01-23,20210123,Short,30S,30,2258433,88875,766
OxWnNyImzw4,BACON Bread: BLT & Salad Bowl #shorts,2021-01-23,20210123,Short,36S,36,867305,31872,600
WhTiePz20IU,The GOLDEN Goldfish #shorts,2021-01-22,20210122,Short,55S,55,1568730,53211,1017
BUP7MiEFrcU,Cooking BAMBI: ASMR #shorts,2021-01-22,20210122,Short,16S,16,1372425,40800,790
_x1rQpyQy4A,WAGYU Nachos #shorts,2021-01-21,20210121,Short,40S,40,1281935,65290,731
zNjnRDFKv8M,Salmon CANDY #shorts,2021-01-20,20210120,Short,33S,33,1099187,39325,609
cyrVgqAD6xc,Candied BACON x Ice Cream #shorts,2021-01-20,20210120,Short,35S,35,465918,23742,750
uNCxAk6ozPE,Tofu RIBS #shorts,2021-01-19,20210119,Short,44S,44,3145251,189041,3194
wJXmkEN2XrA,Golden GLIZZY Wellington! #shorts,2021-01-19,20210119,Short,58S,58,3601602,292626,1748
7MwM4I91o1Q,LOBSTER Hacks #shorts,2021-01-18,20210118,Short,15S,15,12104609,532786,1132
OfVHuqUGlyg,Hot dog OR Hamburger? #shorts,2021-01-18,20210118,Short,44S,44,1094083,45700,1409
U-Lk0uoMN7I,BACON Studded Smoked SALMON #shorts,2021-01-17,20210117,Short,58S,58,3114484,218457,1219
6kKfZQ8u4T8,Eating a 300 DAY Old Steak RAW #shorts,2021-01-17,20210117,Short,56S,56,32313951,1420285,13622
dOAyYRAPwr0,The GLIZZY Wellington Pt2 #shorts,2021-01-16,20210116,Short,58S,58,9403976,550758,3359
MWjQZ1Tx-20,The GLIZZY Wellington #shorts,2021-01-15,20210115,Short,51S,51,1770966,57889,1445
-K6E6U58zGE,LOBSTER x Grilled Cheese #shorts,2021-01-14,20210114,Short,56S,56,1700349,65122,1062
4IdSz2V4RF8,PORKLESS Salmon x Cinnamon Roll #shorts,2021-01-13,20210113,Short,51S,51,1436847,49231,941
oFhNJgWM6Y0,BRINGING THE MEATS to Arby’s: Car Cooking pt3 #shorts,2021-01-12,20210112,Short,31S,31,6477816,201826,1770
JWSZsYag6O4,Will it Wellington? CINNAMON ROLLS #shorts,2021-01-11,20210111,Short,31S,31,1377102,41125,1307
w8j9C0BbtDg,Swedish Fish #shorts,2021-01-10,20210110,Short,31S,31,1666941,47999,1050
YMrP85Olqa8,Surf & TURF Sushi #shorts,2021-01-09,20210109,Short,29S,29,1345940,45438,593
7VLkKClEug8,Hot Tub TUNA #shorts,2021-01-08,20210108,Short,26S,26,3420129,80482,1631
Z82F8XA68rc,Car Cooking pt2 THE McRIB #shorts,2021-01-06,20210106,Short,27S,27,7899009,301068,1547
w6fdVersAmg,Smoked Bacon S’MORE Bombs #shorts,2021-01-05,20210105,Short,53S,53,392821,16788,572
PN_1jWeLf2c,Ribs in a CORN DOG!! #shorts,2021-01-04,20210104,Short,32S,32,801344,32248,623
a42lVGMqACk,Garlic BOMBS! #shorts,2021-01-03,20210103,Short,32S,32,1083022,45485,585
GoofISdn2TQ,The PERFECT Bite: Bacon STUDDED Scallops & Caviar #shorts,2021-01-02,20210102,Short,39S,39,575857,20310,596
XD_O33aU9wU,FrankenSTEAK: Gluing a Filet to a Ribeye #shorts,2020-12-30,20201230,Short,29S,29,1532230,55489,657
6bXYJ4Z1Sc0,A5 Wagyu x PURPLE Cauliflower #shorts,2020-12-28,20201228,Short,46S,46,1422151,56695,1262
HZ-bqnA5ioQ,Grow a GLIZZY #shorts,2020-12-27,20201227,Short,47S,47,6630847,305390,5803
hXFVFkNy01o,Bacon Stuffed BUNS Triple Smash Burger #shorts,2020-12-26,20201226,Short,50S,50,1420734,85266,1028
DNaLdMOmSWw,SHREDDING a Wagyu Steak #shorts,2020-12-25,20201225,Short,51S,51,3383114,162540,1451
IInYY3tkshE,PRIME RIB Laced w/ Bacon & Blue Cheese #shorts,2020-12-25,20201225,Short,55S,55,1088806,57863,990
ROxD5KeuPTU,Fresh EEL Sushi #shorts,2020-12-24,20201224,Short,50S,50,787772,25871,721
-4MKnJY-2hc,VENISON Rib Roast #shorts,2020-12-22,20201222,Short,55S,55,856934,37503,801
d7aB-aTdc4c,Black Hawk BEEF Bomb #shorts,2020-12-21,20201221,Short,56S,56,1547066,67945,1045
ja_Uw62RulA,Root Beer Glazed RIBS x Root Beer Float #shorts,2020-12-20,20201220,Short,33S,33,490663,22342,370
Lkx2dacy-PQ,LAMB Rack x Balsamic Blackberry Glaze #shorts,2020-12-19,20201219,Short,58S,58,571850,25066,469
hBd1FRlHczg,Smoked SALMON x Cinnamon Roll #shorts,2020-12-15,20201215,Short,55S,55,1802863,107957,1154
eqE0ag_XYsA,Will it Easy Bake: WAGYU A5 & Truffles #shorts,2020-12-15,20201215,Short,48S,48,805277,33794,669
xdSGOWKt_6o,Holiday Tree. Meat Galore. #shorts,2020-12-08,20201208,Short,59S,59,1477772,46840,2063
D1SeFPWNxss,Candied BACON: Chocolate x Sriracha #shorts,2020-12-06,20201206,Short,24S,24,402779,14966,290
ecxEdDh1GJ0,Boneless Wings EXPOSED #shorts,2020-12-03,20201203,Short,37S,37,7251101,258005,2307
wPm6qrUuvGI,Taco TWINKIE x Flaming Hot Mozzarella Stick #shorts,2020-11-30,20201130,Short,54S,54,1577708,62588,1097
OQ435x0Kf1s,The TURKEY FOOTBALL #shorts,2020-11-29,20201129,Short,59S,59,2929840,179213,2012
A9tZvbzU0zs,Will it EASY BAKE? pt2 Baby Back Ribs #shorts,2020-11-24,20201124,Short,44S,44,930827,44011,890
ya64LQKTGBs,Will it EASY BAKE? pt1 Ribeye and Potatoes 🥩🥔  #shorts,2020-11-20,20201120,Short,55S,55,3838609,197231,2119
MWLYWOtmJVY,The STEAK Cake 🥩 🎂 #shorts,2020-11-15,20201115,Short,52S,52,904653,39919,1333
5OLKyNq1aF0,3 Perfect STEAK Sauces 🥩,2020-11-13,20201113,Short,53S,53,2321717,100257,1115
AqqH_AEcJ8Q,The Pork PRETZEL 🐽 + 🥨,2020-11-10,20201110,Short,49S,49,2668519,141848,2586
IU_0YZ_Bshw,WELLINGTON Steak Cake! Happy Birthday Gordon Ramsay & Tilly Ramsay🥩🎂🥖,2020-11-08,20201108,Short,59S,59,5850493,339304,2745
MZ5z_XEM0M8,Prime Rib Laced With BACON 🥩🥓,2020-11-06,20201106,Short,59S,59,2338816,83616,1787
