Video ID,Title,Upload Date,Video Type,Duration,Duration in s,View Count,Like Count,Comment Count
b6NCuJwTIMg,Lobster Crab Boil with ‚Äã‚Å†‚Äã‚Å†a UFC Champ,2025-08-18,Short,32S,32,277662,12657,128
dWeg54PVeOg,Inside a Salmon MEGA Farm (20 million lbs),2025-07-28,Short,46S,46,5468123,173868,1432
E_gckbY2HjE,Cooking Every EXOTIC Salmon,2025-07-23,Short,2M39S,159,6541646,406789,3781
iczZQVnKzIQ,Rating EVERY Outdoor Boys Meal,2025-07-21,Short,2M48S,168,10677337,728753,2555
AsI2TGaVn6E,"$50 vs $2,000 Brisket",2025-07-15,Short,1M6S,66,7216334,291377,1573
Mk87CPlWzzY,Cooking the World's DEADLIEST Animals,2025-07-09,Short,3M,180,21905860,1291357,17197
OxjdjieK5Nk,30lb Buffalo Wing,2025-07-02,Short,30S,30,12378728,335820,1136
LEbDxWMNirM,Fire Grilled Stingray,2025-06-18,Short,43S,43,7654293,283246,1983
NFbeAas3YN4,Fertilized Duck Egg‚Ä¶ Round 2,2025-06-11,Short,1M2S,62,1247689,44197,1579
nxOk5eZ-W9Y,20 Day Dry Aged Chimichurri Duck,2025-06-04,Short,40S,40,2029423,70869,280
hziqTqnleM0,I Cooked Every Bird in the World,2025-05-23,Short,2M57S,177,38758500,2043929,23742
ZVWOwoIv6Bg,"1,000 Garlic Clove Prime Rib @CHEFCUSO",2025-05-21,Short,35S,35,2803746,89465,486
Uly7TYab6HE,Peter Luger Cowboy Butter Tomahawk,2025-05-11,Short,40S,40,1809223,78026,300
cw7nr8a7wH0,7 Day Honey Cured Wagyu A5,2025-05-10,Short,39S,39,23079915,826232,2923
D_QYRTqhtoQ,Barbacoa French Dip Cheese Steak @owen.han,2025-05-08,Short,40S,40,1632532,65987,222
KflDSgz4KIc,Jumbo Tomahawk for David Beckham,2025-04-30,Short,56S,56,4559901,153558,712
3tSvjeJZjGI,I Ranked the Best BBQ from EVERY Country,2025-04-23,Short,2M10S,130,8542518,467328,7295
Q3QiyVSaPZE,I Challenged America‚Äôs Best Brisket,2025-04-22,Short,1M,60,8964845,357906,1405
l1rAb8iNPcQ,Grinding Every Animal Into One Burger @NickDiGiovanni,2025-04-21,Short,26S,26,8708975,251660,2320
pKuguDpmti4,I Cooked the World‚Äôs RAREST Steaks,2025-04-11,Short,3M,180,6819345,365599,2365
gDfyZaujK6E,I Found Bacon in This Fish‚Ä¶,2025-03-26,Short,36S,36,10155492,383792,1141
OU4S0FSZkoI,I Covered Lamb in Jam,2025-03-24,Short,32S,32,1732202,98173,405
P9NbFXKQo-8,Cowboy Butter Lobster Roll,2025-03-19,Short,40S,40,1773347,93591,592
Aw5vc8jGQCY,"$50 vs $300 vs $1,000 Brisket",2025-03-13,Short,1M6S,66,24485835,927438,3048
sMtfXxOt-3o,Citrus Dry Aged Mahi Mahi,2025-03-04,Short,50S,50,2670475,173334,753
vzXULTmvWnk,I Cooked the World‚Äôs CRAZIEST Eggs,2025-02-25,Short,2M5S,125,28482372,1836394,12477
4UEzMoGvkXQ,"1,000 Garlic Clove Lamb Leg",2025-02-19,Short,34S,34,4576340,261846,1175
vGx5zex1YCY,7 Day Caramel Soaked Ribs,2025-02-19,Short,31S,31,1708682,110956,403
lp_Q393jAfw,I Cooked 100lbs of Protein Pt 3,2025-02-13,Short,1M,60,1602323,104201,560
AByKJ0-wpEs,I Cooked A 70lb Cow Leg,2025-02-12,Short,1M1S,61,5240161,281165,892
ig1rlhB5h1Q,I stole a whole cow leg pt 1‚Ä¶,2025-02-11,Short,44S,44,5489769,211837,252
w4jDx6Wenjw,World‚Äôs WORST Tasting Tuna,2025-02-10,Short,47S,47,3900328,178516,1546
QDBn3_WwbQo,If you find yourself with 20 lobsters‚Ä¶,2025-02-02,Short,31S,31,6001590,365749,2847
d4Z4HnDTnSA,The Lobster Hot Dog,2025-01-24,Short,37S,37,1547154,124506,548
kGS_WfpU82Q,When steak put me in the hospital‚Ä¶,2025-01-14,Short,1M1S,61,9166059,553591,1605
39-CvROyYUQ,7 Day Molasses Cured Tomahawk,2025-01-13,Short,41S,41,2345938,159078,555
UwfDi4tT5Og,Jalape√±o Dry Aged Wagyu A5,2024-12-28,Short,1M3S,63,3538524,215164,830
jPTERm5G4vM,Deep Fried Prime Rib,2024-12-24,Short,34S,34,2050437,124961,342
OuM4JtRrIEI,Prime Rib Texas Toast Sandwich,2024-12-20,Short,43S,43,912880,75856,213
5QuFBdoHReA,The Perfect Prime Rib,2024-12-17,Short,1M11S,71,2275863,132027,730
7ED6rGme02E,The Brisket Football (Cooked in Clay),2024-12-16,Short,1M4S,64,26594315,1344690,3305
zAu4PRyKbu0,Panda Express Ran Out of Chicken‚Ä¶,2024-12-13,Short,33S,33,780142,57708,312
21ohKsJQA1g,I Tasted The World‚Äôs Most EXOTIC Meats,2024-12-12,Short,1M49S,109,11671332,698259,10812
-LCnCFHbbd8,How to slice every type of steak‚Ä¶,2024-12-11,Short,1M16S,76,1477316,79039,202
Jgw-HUH55ys,Pork Chop Accordion,2024-12-10,Short,45S,45,1144023,87632,519
68GyW48XoEU,Dry Aged Camel,2024-12-06,Short,33S,33,3479183,179241,1220
_I8OQEtRNEc,Buffalo Chicken Mac and Cheese,2024-12-04,Short,44S,44,898878,78924,332
O2E3ZIUho04,7 Day Honey Cured Steak,2024-12-03,Short,32S,32,77259750,4073916,11222
AiijhzdSj5Y,30 Tacos in 30 Hours,2024-12-01,Short,1M,60,1569782,100306,359
xGPQ2c1v5CI,Jalape√±o Popper Pork Belly Accordion,2024-11-27,Short,54S,54,1649516,134706,726
2X0eMqOzyHE,The Perfect Thanksgiving Turkey,2024-11-26,Short,1M,60,2135218,130880,649
VG8fgE1e5_g,How to Carve a Turkey,2024-11-25,Short,36S,36,4140090,287788,444
mOug1POqBHY,Parm Wheel Dry Aged Steak,2024-11-25,Short,53S,53,9805283,599699,1978
cauLrvx8-Ew,The World‚Äôs Crispiest Turkey,2024-11-24,Short,46S,46,6371763,400887,934
vpJIT3m1wik,Prime Rib Pho,2024-11-23,Short,48S,48,629233,55394,425
r1KO1sWLU4M,Why is this sandwich soggy...,2024-10-30,Short,32S,32,1171827,75598,523
lSxNFw5muOk,Monte Cristo Big Mac,2024-10-23,Short,41S,41,2619546,131608,1032
34klRJM77Wk,$200 Zebra Steak,2024-10-21,Short,27S,27,5638170,296855,2840
3stVLdXiAjw,Truffle Parm Beef Hump,2024-10-18,Short,49S,49,1168257,74687,366
aQWn6QSUshY,"Forging The World‚Äôs Rarest Knife ($50,000)",2024-10-14,Short,45S,45,14314882,697950,5720
s8VNFro4k3c,Salmon Pastrami (game changer),2024-10-11,Short,21S,21,3857619,185201,414
ZPtCLU9rVvg,"Harvesting 3,000 lbs of Axis Deer",2024-10-09,Short,38S,38,2749414,122812,1083
c11YyI2PFVg,Steak School: T-Bone,2024-10-04,Short,41S,41,2439332,119062,345
eIwOI0XLCTk,Car Cooking: Max vs Costco Hot Dog,2024-09-27,Short,52S,52,6177069,390782,1251
gNGn90gVozA,Chimichurri Stuffed Chicken,2024-09-25,Short,34S,34,934104,60882,192
Owxl9dQxqis,"$2,500 Lobster Gnocchi",2024-09-22,Short,48S,48,9838589,631353,2812
xqBQVqqCGY4,Is this the perfect bite?,2024-09-18,Short,10S,10,5321293,279953,944
0bQ8whf9Bu0,Best ‚Äúit‚Äôs raw‚Äù comment wins (tomahawk BLT),2024-09-11,Short,14S,14,10758022,465920,9397
E0QYtD8DZ_c,Wagyu A5 vs 2500¬∞ Forge,2024-08-26,Short,44S,44,12559586,671536,1232
Zc0qKEfzKQo,Live Fire Pork Belly Accordion,2024-08-19,Short,45S,45,5335676,312634,863
ZEh-qvsG3AE,Porchetta Roasted in Chimichurri Salt,2024-08-16,Short,48S,48,3777513,174981,788
Xg5eyXFgmJo,"$1 vs $5,000 Mac and Cheese",2024-08-13,Short,1M,60,94625493,3822310,13152
pdp8epfX7jk,Larry the Lobster Boil,2024-08-05,Short,53S,53,2840918,209836,1279
EI__pA1Rm2o,3 Levels of Duck...,2024-07-31,Short,44S,44,2975884,204771,605
t2viyjJFNPA,If you find yourself with a whole salmon...,2024-07-26,Short,36S,36,4265195,251726,1164
GfAf194V0KM,Doctor said I need to eat more vegetables...,2024-07-19,Short,24S,24,12045045,659960,3813
6JtLxCszFsE,"$3,000 Wagyu A5 Meat Tower",2024-07-10,Short,28S,28,4680043,259261,1284
V0gUMXDDD0Q,I almost burned down my neighborhood...,2024-07-06,Short,56S,56,702789,50865,265
k6PclBMD--E,Whole Salmon BURIED in Citrus Salt,2024-07-03,Short,45S,45,8042971,588936,1324
gR8HUkMWF3o,I took over a butcher shop for a day...,2024-06-29,Short,51S,51,964971,69282,251
S_qPNUVQd44,Bacon makes EVERYTHING Better,2024-06-28,Short,41S,41,1735629,111275,521
qe9ao1BBhfI,Deep Fried Dry-Aged Peking Duck,2024-06-25,Short,48S,48,1942581,143065,393
czPMeUtkQ-8,$250 Wagyu A5 Slim Jim,2024-06-20,Short,39S,39,4422291,273786,691
JOoM3Qis_1U,Don't watch if you hate butter and bacon...,2024-06-15,Short,47S,47,11249110,497570,2009
L5y_cvweBgQ,"$2,000 Wagyu Parm Pasta",2024-05-30,Short,36S,36,90479549,3336294,13925
kwfqjt-XBH8,Cooking a Frozen Brisket,2024-05-26,Short,42S,42,1287860,102044,269
YW_YtcieURY,Double Crunchwrap Cheeseburger,2024-05-22,Short,34S,34,2243038,155151,772
7z3WaCmKmWA,Max vs Salt Bae (I disowned my sister),2024-05-17,Short,29S,29,2261937,126168,441
U-IheOyI82U,"The Steak Review: Salt Bae ($1,000 tomahawk)",2024-05-15,Short,42S,42,3789415,197103,1368
uTpUh1iOcgQ,Everything I ate in Hawaii (While harvesting invasive species),2024-05-10,Short,58S,58,981484,67511,500
GQk9dJmLxXg,I Turned Steak Into Bread,2024-05-01,Short,32S,32,10079848,590457,1722
5_tuvX5ZqKk,Do you think he'll approve?,2024-05-01,Short,36S,36,2554566,174631,949
NvG2yteNJeo,Does it Deep Fry? Beef Short Ribs,2024-04-30,Short,28S,28,2100180,143083,285
t6b4kl2jn5s,Thor‚Äôs hammer cooked in fire salt‚Ä¶,2024-04-28,Short,1M,60,30836130,1528522,4531
5o9tKN4r8D8,The World's Biggest Salmon Chip‚Ä¶,2024-04-27,Short,59S,59,5301393,355635,1023
u79myUBKyjA,Day in the life at a beef jerky factory,2024-04-25,Short,58S,58,1421744,94194,311
XUP2UX-Ghsg,Flying with frozen meat...,2024-04-19,Short,45S,45,6252887,412458,762
vGDWdPipx6g,Cheap Wagyu A5 vs Expensive Grass-fed,2024-04-10,Short,30S,30,5449587,302998,699
Qf0bKgn5zvg,Cooking for Friends (Fantasy Football Edition),2024-04-02,Short,53S,53,5590178,348110,881
kBF-QMtCdsY,Peking Brisket,2024-04-01,Short,49S,49,1052647,70823,256
KbXElPzIW7g,Tomahawk Biggie Mac @albert_cancook,2024-03-18,Short,31S,31,7511385,434284,1195
BxqTHHAAmkQ,The most important meeting of my life‚Ä¶,2024-03-12,Short,1M,60,2205306,157823,421
8Wofo0Pyt4o,Cr√®me Br√ªl√©e Pork Belly Burnt Ends,2024-03-04,Short,46S,46,9323838,383642,1838
whs9OexwT5o,‚ÄúWell Done‚Äù Wagyu A5 üò≥,2024-02-29,Short,36S,36,5004398,289644,1686
MO1u9sjNlio,What should I call this?,2024-02-28,Short,9S,9,2091834,82255,3050
p0nwjMREcTs,A special batch of jerky‚Ä¶,2024-02-25,Short,26S,26,3627227,168246,1137
NGrLLf_QMGc,Deep Fried Pork Belly Accordion,2024-02-22,Short,22S,22,2148088,119986,541
reUbPP1a0_c,30 Day Dry Aged Buffalo Brisket,2024-02-20,Short,53S,53,7003983,458079,581
AQJFGq1DEfY,I caught her cheating on Valentine's Day...,2024-02-14,Short,45S,45,23365895,1177768,6252
KxM-5_FqIBM,This was actually raw...,2024-02-13,Short,28S,28,3306763,174444,1637
PEbdJgWoZ8w,Impress your valentine with‚Ä¶,2024-02-11,Short,29S,29,5763805,405719,1415
seEcFZGgtek,Crispy Skin Buffalo Chicken Dip,2024-02-08,Short,45S,45,5565288,368279,942
LZwkkuEedDM,World's biggest corn dog‚Ä¶ meat sticks live at maxjerky.com!,2024-02-06,Short,22S,22,7227909,173334,1101
LhcdE6mJWX4,She asked me to catch a fish...,2024-02-04,Short,26S,26,1698458,91045,539
O4ho8IOpmas,Mango Habanero Pork Belly Twists,2024-02-01,Short,24S,24,1382260,82865,247
3eGqirz2P7Y,Best ‚Äújuicy‚Äù comment wins...,2024-01-25,Short,9S,9,2822656,120236,4991
0_SdRI7NdMw,Homemade Wagyu A5,2024-01-24,Short,36S,36,3509719,221976,707
5HYPRF8ZPqQ,Cooking a Prime Rib in 10lb of MSG,2024-01-12,Short,54S,54,7438504,490216,3517
T33JUBAig3c,NYE King Crab Round 2,2024-01-08,Short,1M,60,15402840,841677,3585
n_-5Tob_EJQ,24k Gold Dry Aged Ribeye,2023-12-31,Short,47S,47,1645266,100686,554
Wg3-dP4UGcE,My Brothers Industrial Bakery,2023-12-27,Short,54S,54,4221058,287314,657
IwCzubRup54,Chili Crisp Injected & Dry Aged Ribeye,2023-12-19,Short,34S,34,6058330,335108,641
ExQrrKffaK8,Deep Fried Prime Rib,2023-12-18,Short,34S,34,2256856,127496,406
Jg5yjQrY-t8,Not Your Average Chicken Bacon Ranch,2023-12-16,Short,19S,19,3107220,178454,566
Cq-qGAcChRM,Steak & Happy Potatoes,2023-12-16,Short,36S,36,3602036,244756,785
pYwoOxWndls,Car Cooking: Wagyu A5 Big Mac @itsQCP,2023-12-13,Short,40S,40,13694802,747066,919
PgW60Xw7f60,The Perfect Prime Rib,2023-12-11,Short,46S,46,940370,67029,549
cC2d8zjCZPA,The Pizzaball Sub,2023-12-07,Short,36S,36,659739,42676,320
GvWa-N_IWIE,I accidentally made pink short ribs‚Ä¶,2023-12-03,Short,42S,42,2999836,188077,542
JX0_STmuigQ,I Marinated Short Ribs for 10 Days...,2023-11-28,Short,47S,47,2562460,172045,442
8eCovKu12h4,What I ate in China,2023-11-26,Short,51S,51,4653803,322660,1172
MchzmS7qu7A,Wagyu A5 Steak Accordion,2023-11-24,Short,1M,60,5235688,332432,993
xNMTeHu8R8w,Deep Fried Turkey,2023-11-19,Short,36S,36,8183897,516704,1183
jpqMxSKk1BQ,How to Smoke Meat INDOORS,2023-11-16,Short,33S,33,8299033,520724,2129
0owVfqYgaJg,Beef vs Tofu,2023-11-11,Short,20S,20,7848636,439705,4361
z9hiA5fhCOU,The worst cooking appliance of all time...,2023-11-10,Short,14S,14,6347654,397251,1340
GWDUG2UnSjw,A Plate of Bacon (literally),2023-11-04,Short,29S,29,6750349,360843,1265
v5SdCKWQM3I,Cooking Brisket in 10lbs of Salt,2023-11-01,Short,1M,60,26573066,1388418,4827
FoEfFtdwEgc,The Cheapest Wagyu A5 I Could Find...,2023-10-27,Short,38S,38,5082342,293324,691
_LmRrKu401s,Filet mignon... like a brisket?,2023-10-24,Short,49S,49,12789189,648167,1835
Twk0OmkN2gE,A peace offering...,2023-10-20,Short,1M,60,13733408,902305,2534
X3ZfD7W1-cw,Is it Flatbread or Pizza?,2023-10-18,Short,49S,49,9065686,512782,2716
KRspJcpai-Y,When an old man gives you a chicken...,2023-10-10,Short,1M,60,3021399,232050,807
W9rsY4QG2NY,Don't Make Promises You Can't Keep...,2023-10-02,Short,1M,60,61146008,2708343,6638
avhcZ6Iuv2w,Wagyu Tallow Dry Aged Lamb Shoulder,2023-09-28,Short,52S,52,14809391,835101,2090
6ynfeCAzr0U,Garlic Confit Cowboy Butter,2023-09-20,Short,29S,29,4432640,314465,568
fztZ-oIXQMk,Chicharron Charcuterie Board,2023-09-11,Short,41S,41,15463002,859639,3384
wLyQXLeXdc8,McDonald‚Äôs Beef Jerky,2023-09-10,Short,35S,35,2985381,190255,590
WkMPySeHKGY,Rib Cap Wellington‚Ä¶ Gordon‚Äôs not going to be happy,2023-09-02,Short,40S,40,1899405,126055,749
YYfB_R2TjLI,The World's Most Expensive Beef Jerky,2023-08-29,Short,37S,37,2835632,228542,972
bf-Nksvtiww,She Wanted Raw Lobster...,2023-08-22,Short,30S,30,17887827,668868,6795
KujgczNVy_Q,Dry Aged Fish Catch & Cook,2023-08-18,Short,1M,60,2696416,209402,650
tIkCThaR4fc,Seafood Feast on a Malaysian Fish Farm,2023-08-04,Short,44S,44,1285710,94044,633
mDw6gUIdOQs,I Cooked a Wagyu Picanha Like a Brisket,2023-08-03,Short,30S,30,5862217,308729,974
s_CMAhCEc5g,Candied Bacon Salmon Board,2023-07-31,Short,54S,54,6829480,371044,1557
pu9hyOkfV5c,Grow a Weenie,2023-07-23,Short,19S,19,197222178,3092875,4964
BtkpYb__JG4,Picanha Chip,2023-07-22,Short,40S,40,10510093,659397,4185
0kGtpQpRPRU,Worlds Biggest Rack of Ribs,2023-07-21,Short,32S,32,3800628,257443,1338
IiChHK-mzeo,Can I move to FL before my meat defrosts?,2023-07-20,Short,54S,54,8962542,625913,3225
f4k7ZB64YH8,I Turned Salmon into Cotton Candy,2023-07-17,Short,26S,26,3177860,184128,1095
hl4hDyMBVvA,Dry Aged Buffalo Chicken,2023-07-16,Short,44S,44,41680456,2078589,4028
i2xKkIQ8eNU,"Best ""it's raw"" comment wins",2023-07-14,Short,10S,10,10069199,487372,37765
jsrkJNd7bno,How Chicken Jerky is Made,2023-07-13,Short,45S,45,2652265,172018,822
E9kgHa6wh-k,Lobster Cheese Dog,2023-07-01,Short,40S,40,7369648,445107,2047
weO4irlRYuw,Chili Crisp Dry Aged Duck,2023-06-24,Short,44S,44,4218523,283643,1362
yYLLFEvvaH4,Forbidden Dorito Pt 2,2023-06-20,Short,15S,15,6957411,354547,1367
Hb63L9YPyZg,Steak School: Picanha,2023-06-16,Short,44S,44,5533875,312813,1010
JqNNYKSEVeE,Fresh vs Dry Aged Duck,2023-06-14,Short,45S,45,5852880,366339,916
uLhAzMppX5A,Chicharron Crunch Wrap,2023-06-08,Short,28S,28,6498976,303048,1363
swTdBdJC1L4,My Biggest Regret,2023-05-21,Short,1M,60,48356810,2617047,8074
GnjVV-Dl-LI,I Turned Pork Into Cotton Candy,2023-05-15,Short,43S,43,3202577,202363,1217
3mppFmB_HSA,"1,000 Pounds of Bacon Jerky",2023-05-10,Short,49S,49,11359762,519116,2484
aP_7yKOk6Ok,A Very Average Steak (Sierra Steak School),2023-05-05,Short,26S,26,13454258,820382,2250
tX0ZMeEkXGg,My Professional Fishing Career,2023-05-04,Short,1M,60,6202291,450197,1143
8g6-d57Y7xE,I Cooked a Furry Steak,2023-05-02,Short,37S,37,5775365,398699,4793
IvaUCK4IxAE,"$10,000 Dry Aged Tuna",2023-04-28,Short,37S,37,4694286,299290,982
s486nYbO80Y,The Steak Review: Joshua Weissman‚Äôs Steak House,2023-04-25,Short,53S,53,4587664,278178,662
NP0kQndK4Fw,Wagyu A5 Spam,2023-04-16,Short,1M,60,18107845,864158,2845
Ij-scaFkBrI,The Budget Friendly Tomahawk,2023-04-10,Short,24S,24,22389955,969719,5000
AwgwwNQpvuw,The Half Cow Beef-Chetta,2023-04-07,Short,53S,53,4045853,285144,1836
haIUqAmKqzo,Can You Guess This Cut?,2023-04-05,Short,9S,9,1847033,80790,1556
rlRPQqKyICY,The Best BBQ in KC is From Texas,2023-04-03,Short,34S,34,7315625,417345,2003
CkqxjtEyK7I,I Feel Like a Traitor,2023-04-03,Short,34S,34,1757736,109684,482
UMUL5zvfpuw,‚ÄúI Can‚Äôt Believe It‚Äôs Not a Ribeye‚Äù (Steak School),2023-04-01,Short,24S,24,1528384,108453,245
ZeDEaNJzAl8,How Kansas City Thai BBQ is Made,2023-03-28,Short,34S,34,1552004,93990,349
czQhfN6PEcY,The Craziest Meat Feast of My Life,2023-03-27,Short,47S,47,1089957,69603,336
i-xJWp2cfww,The Filet Mignapple,2023-03-25,Short,13S,13,33196161,1103864,4610
iaH_z2raAPY,The Pineapple Mignon,2023-03-25,Short,14S,14,6340784,329434,3579
5vOGbM3cBJw,My Third Favorite Steak (Steak School),2023-03-24,Short,26S,26,2820769,213234,427
FZLNlhOgp6U,I Soaked a Ribeye in Coffee for 24hrs Then Dry Aged It,2023-03-14,Short,42S,42,6772198,438037,1981
4nmr6geoGHI,Wasabi Crusted Toro Taco @valentinetb1,2023-03-09,Short,28S,28,1863672,103447,531
v1Yv8fS78bc,Cooking a Brisket Like a Steak,2023-03-06,Short,48S,48,32325159,1648800,2836
XA1auynQxQI,I Cooked Salmon on a Deserted Island,2023-03-03,Short,59S,59,8271704,582837,2635
n3ixz8Fgw1c,How Alaskan Salmon Gets on Your Plate,2023-03-02,Short,44S,44,1854501,142549,294
QHlN4nte57Q,First Class Airplane Food Review: Worth It?,2023-03-01,Short,49S,49,11566028,727588,3678
_K263qh9vyg,"$1 vs $1,000 Wine Taste Test",2023-02-24,Short,46S,46,3021087,232921,705
35hGDDyKiu0,"I Covered Briskets in Relish, Ketchup, Mayo and Mustard",2023-02-22,Short,47S,47,23172484,1356294,3604
1cPXvVxxckc,Worlds Hottest Dry Age (9 Million Scoville),2023-02-18,Short,55S,55,11005568,769096,2073
_Jev7bXNjyc,Brisket vs Tofu,2023-02-14,Short,20S,20,40629836,1941761,16842
HTpzWqMD45o,I Soaked a Ribeye in Whiskey for 24hrs Then Dry Aged It,2023-02-10,Short,42S,42,50917691,2363403,9069
8hHkdPDALiU,The Rarest Steak I‚Äôve Ever Cooked,2023-02-09,Short,27S,27,22364321,1074183,3204
oB8clo4UMEs,I Ate a Freezer Burned Steak,2023-02-08,Short,42S,42,15054640,923804,1747
4e7LQOgLSCo,We Out-Pizza‚Äôd the Hut @ryancantcook,2023-02-07,Short,23S,23,22286988,1020346,3969
vv48rmFo3lQ,She Didn't Let Me Eat the Filet-O-Fish...,2023-02-06,Short,26S,26,3222079,172665,668
zqMMm47977g,Dry Aging Turned This Steak Grey...,2023-02-04,Short,44S,44,3519805,229909,459
GAMY4Hp6s2A,"Best ""it's raw"" comment wins pt. 4",2023-02-03,Short,10S,10,26443700,586198,41272
H84MZlCK9TE,Best Lamb I Ever Had,2023-02-02,Short,44S,44,1772876,130245,459
LcNNEZ9i-QA,$300 New Years King Crab,2023-02-01,Short,49S,49,13594269,861992,2625
N0UVzw1W_Mw,Brisket Stuffed Prime Rib,2023-01-20,Short,48S,48,6283240,395722,1033
lzapLX2bH3o,Scallop Pasta ft. @itsQCP,2023-01-11,Short,42S,42,5629035,401745,1017
0zlG1Knt6ZA,Steak Battles: Max vs Peter Luger,2023-01-07,Short,43S,43,4817080,291895,915
ZYjGfbTH4N0,The Steak Review: Peter Luger Steak House,2023-01-06,Short,42S,42,5423076,286091,1509
nhmAAy0HYpA,Dry Aged vs Dry Brined vs Wet Brined PULLED PORK,2022-12-30,Short,1M,60,10684213,717430,1346
scv7vniJ0wg,Dry Aged Pulled Pork,2022-12-29,Short,39S,39,1455504,119398,346
i3h3uNbgBhE,Dry Aged BRISKET Bacon BLT,2022-12-27,Short,50S,50,4107577,302797,982
RwTq-5tIcl0,How to Trim a Dry Aged Brisket,2022-12-26,Short,33S,33,1877494,114029,184
r6cv2JCiLnw,The Perfect Prime Rib,2022-12-22,Short,59S,59,5420883,339151,2220
b5RmtXKODPo,Brisket Bread (made with ChefsTemp),2022-12-15,Short,46S,46,8317276,611699,1510
yrFDWPJF4bs,I Soaked a Ribeye in Wine for 24hrs Then Dry Aged It,2022-12-14,Short,52S,52,23987025,1446340,3365
ZLopuHdqjBc,The Worlds Most Underrated Steak,2022-12-08,Short,40S,40,11235243,698286,2030
cDseYSjGYIc,15 Day Marinated Brisket,2022-12-07,Short,47S,47,46022294,2483071,3461
zvktSuKszqk,Short Rib Challah Bao,2022-12-07,Short,43S,43,1741319,116826,669
z5GPq_pkbR0,Elk Loin Cooked Inside of Salt,2022-11-30,Short,46S,46,26437283,1372458,6763
SplCbOj2aTI,What it was like celebrating holidays in China,2022-11-25,Short,1M,60,4069968,403325,925
aSVEV2EmHG8,‚ÄúThe cutest thing you ever made‚Äù - My sister,2022-11-22,Short,40S,40,1909244,142832,638
SYyIbvTD2e8,The Perfect Thanksgiving Turkey,2022-11-21,Short,1M,60,5506543,345569,1324
OoTiTqf7eZc,Not Your Average Turkey‚Ä¶ (Peking Turkey),2022-11-19,Short,44S,44,6152035,501185,1732
-RG6rob2cNQ,How to carve a Turkey ü¶É,2022-11-18,Short,31S,31,5613030,349253,640
xCbATMWcb1g,Cooking a FROZEN Steak,2022-11-16,Short,52S,52,33044359,1477524,3773
cNJteplOcNI,Wagyu Tallow Dry Aged Prime Rib,2022-11-15,Short,46S,46,6746192,444170,1867
a4V3I_3JXac,The Ultimate Surf & Turf,2022-11-12,Short,34S,34,2120455,143985,598
GGQUOD7K5nU,Dry Aged Roast Beef Sandwich Ft. @NickDiGiovanni,2022-11-11,Short,31S,31,5902142,371819,1094
JZUKssceS00,APPLEWOOD Liquid Smoke + Coffee Dry Age Pt.3,2022-11-09,Short,38S,38,2040830,172902,370
BDwni0c9zN4,Powdered Smoke Dry Age Pt. 2,2022-11-08,Short,40S,40,4687665,357305,663
eHEd5XBr8wA,Cold Smoked THEN Dry Aged Ribeye Pt. 1,2022-11-07,Short,45S,45,6539550,478939,889
AszOPmzcTmQ,Cooking Steak with a Chef in Alaska,2022-11-06,Short,54S,54,3428313,284821,726
skL0m25Nj6Y,Dry Aged Alligator (Nashville Hot Gator Sandwich),2022-11-02,Short,59S,59,14905932,944132,12203
7X3qCbSQhnY,I made my cats favorite food,2022-11-01,Short,52S,52,9941338,752418,3004
3zypsd9C2sE,The Ultimate Triple Decker Burger,2022-10-31,Short,49S,49,1713455,162898,825
fwEV4l_gUQE,Smoked Bourbon Marinated Brisket,2022-10-27,Short,35S,35,1842726,156952,575
CKZN1IfYvC4,Wagyu Short Rib Hot Pocket,2022-10-26,Short,40S,40,2118924,199627,504
PYm4q_L4bII,What I Used to Eat at Sleep Away Camp‚Ä¶,2022-10-25,Short,1M,60,2626974,266131,561
Eu_OoXXhLVs,Duck Balls‚Ä¶,2022-10-24,Short,39S,39,8039462,462884,7093
MQgoIhyc1Jo,The Brisket Baby,2022-10-23,Short,8S,8,2256992,100361,819
vwnMpfPNyes,I Made Salmon Dumplings in Alaska,2022-10-22,Short,50S,50,12928128,849340,5239
mqvSULs1a8Q,Smoked Beef Heart,2022-10-21,Short,46S,46,3038459,274908,1399
cMf3YuR3JUE,The hardest job I ever had‚Ä¶,2022-10-18,Short,1M,60,17082970,1316782,3410
8W8Au81_gTs,Best ‚Äúit‚Äôs raw‚Äù comment wins‚Ä¶,2022-10-17,Short,12S,12,33773749,1466961,102573
Oz6tS6TLs1o,Gochujang Sesame Dry Age,2022-10-16,Short,48S,48,5641312,452708,1092
OBhEz6QjmoU,What I Ate in Alaska‚Ä¶ but it keeps getting weirder,2022-10-12,Short,48S,48,2385832,217339,1092
uo1E2vFhAO0,Pulled Pork Ice Cream,2022-10-03,Short,43S,43,2476466,133182,604
EPudgBJ8uy4,‚ÄúMeat‚Äù Balls (Rocky Mountain Oysters),2022-09-29,Short,29S,29,12971879,437303,7298
SU8rvi4AzKM,Turned 30 so Made Beef Cheeks,2022-09-27,Short,9S,9,1244048,82518,594
NPfS-7ma2gY,Beef Tongue Tacos,2022-09-22,Short,39S,39,21598345,1080576,9496
LHYPFaQzttw,I Ate a Whole Pig (Bachelor Party Pig Pt. 3),2022-09-17,Short,43S,43,9669152,468526,6040
io5F83eFTkM,I Bought a Pig (Bachelor Party Pig Pt. 1),2022-09-15,Short,58S,58,47175664,1863910,17858
qW8EYGkZLvc,The Steak Biggie Mac @albert_cancook,2022-09-08,Short,33S,33,74687220,2888402,6062
KKkF70aah3s,Spicy King Crab Pasta @itsQCP,2022-09-02,Short,37S,37,6090392,502576,1479
dFh9heGhH_I,Wagyu Tallow Injected Beef Cheeks,2022-08-25,Short,39S,39,7805837,568743,2915
wKbPJxkiq3c,Pulled Pork Cooked in Clay,2022-08-19,Short,34S,34,3421637,248331,980
HvM5uz3s0BI,Grilled Branzino with Salmon Egg Beurre Blanc @hwoo.lee,2022-08-18,Short,31S,31,4724986,325782,977
afKfHQ8TdtI,Chicken Cooked in Clay (Beggar‚Äôs Chicken),2022-08-17,Short,43S,43,43401632,2282095,8812
J7MWMKAHTZQ,Chicken ü•™ with the sandwich king himself @owen.han,2022-08-12,Short,56S,56,11695908,969640,1461
Z7kYMjQbCKg,Octopus,2022-08-11,Short,31S,31,11694212,468555,1484
OHqc1Lp8lFU,Mahi Mahi Tacos,2022-08-10,Short,52S,52,6774666,628039,1922
12DbLCBVIWw,Car Cooking: Max vs Buffalo Wild Wings,2022-08-09,Short,53S,53,3022725,311009,725
gOlBrPXrFxA,Deconstructed Smoked Chicken,2022-08-02,Short,37S,37,11678486,858147,2027
41HFHXmc8Ww,Lamb Brisket vs. Wagyu Brisket @GugaFoods,2022-07-28,Short,31S,31,3937587,293131,705
vJUiXU4xLeQ,The Frankenstein Roast,2022-07-27,Short,58S,58,16461051,1234452,4179
lkB_4ZPLPl8,The steak accordion (I did something bad),2022-07-25,Short,42S,42,38645812,2584211,7669
dNbNPmxVuWQ,3 Chicken Wing Mistakes to Stop Making (#3 is game changer),2022-07-23,Short,47S,47,4428735,386089,2145
pojfDzs5nU4,I suck at making spring rolls @LisaNguyen,2022-07-22,Short,49S,49,6783884,532941,2757
ArpkopAmU9M,Seasoning a steak with the crust of another steak,2022-07-21,Short,38S,38,35515611,2156568,9719
Q41FRd8mREk,Rare Japanese Knives (Korin Knife Shop),2022-07-20,Short,46S,46,7873584,596671,1641
gFfU1RDESmM,I tasted the dry aged impossible meat‚Ä¶,2022-07-19,Short,43S,43,44251430,2553037,13282
swNm2DvC5uE,Jumbo Chili Cheese Dog,2022-07-06,Short,29S,29,326354120,5660199,23676
PJnb5spG7lU,Simple Crispy Pork Belly,2022-07-01,Short,28S,28,6313094,335580,1826
H5RMhDvE7Yk,Wagyu A5 Beef Tartare Burger,2022-06-24,Short,20S,20,15625893,750340,4063
Yv2ohC5f5mg,Dry Aged Salmon,2022-06-21,Short,40S,40,16638606,1108897,2660
pyRZyE_yAPo,My Favorite Instant Ramen Recipe pt. 14,2022-06-18,Short,58S,58,13188443,1041043,4231
xJIPlqTvUSk,I think Gordon hates me,2022-06-17,Short,32S,32,24192064,1234714,7438
CJU6XUBr4gY,Black Garlic Dry Aged Ribeye,2022-06-16,Short,33S,33,5630530,380318,1430
p812v2g5tvA,Popcorn Pork,2022-06-07,Short,10S,10,69468288,2223322,19514
zPjZnPJ2K-o,4 Butter Basting Mistakes to Stop Making,2022-06-03,Short,48S,48,30795040,1646326,3927
R2Fi2I6RSgk,Dry Aged Impossible (Vegan) Meat,2022-05-31,Short,17S,17,13891826,691742,6477
YYFlLferi5o,Ghost Pepper Lamb Chops at Michelin Star Restaurant,2022-05-22,Short,35S,35,2512971,177524,405
TAp87nKCX_E,Wagyu A5 Filet Mignon Tartare,2022-05-16,Short,44S,44,13147325,772257,3293
9ZUDUG3Im_U,150 Day Dry Aged Spam,2022-05-11,Short,26S,26,58968002,2808378,7333
dW9w97Afcws,Maple Habanero Pork Twists,2022-05-06,Short,23S,23,17530171,728383,1428
DMChBhNr08g,The Holy Grail of Beef,2022-05-05,Short,30S,30,6944940,435511,1617
2FWrcTLYegM,Whole Cod Fish and Chips üêü,2022-05-03,Short,48S,48,4340380,299323,1662
5TrcrM_ooiw,Tajin Tequila Dry Age,2022-05-01,Short,52S,52,5263868,500434,1040
ianyoKUMwK4,A spicy steak on top of Google ft. @LisaNguyen,2022-04-29,Short,30S,30,6186753,441686,1995
77KIbqv2eEM,Deconstructed Prime Rib,2022-04-28,Short,1M,60,19404104,1320655,3881
g-hPtKGb8yo,A hen in her nest üêì,2022-04-19,Short,1M,60,10619354,766251,2500
Ahx2YptGw3I,Pork Brisket vs Bison Brisket ft. @GugaFoods,2022-04-13,Short,35S,35,10029713,689151,2296
YQ15ugO3eI8,Pork Chips and Salsa,2022-04-12,Short,28S,28,2414352,169318,735
PqU8NtHBgCk,Steak Pizza ft. @GugaFoods,2022-04-07,Short,32S,32,28909606,1535663,7904
GXpioNviYl4,Everything I ate on a luxury cruise,2022-04-05,Short,59S,59,9985453,714035,3195
EleODaehtgo,The Steak Monster üòà,2022-04-02,Short,1M,60,114762811,6200318,16382
jPAR4KAajVY,Pick Juice Brined Steak,2022-04-01,Short,43S,43,14389912,955748,1387
bHgUL_W62sE,Pork Skin Chip,2022-03-27,Short,46S,46,10049976,670572,4114
JJeznbuGEAI,The Steak Review: IHOP,2022-03-19,Short,30S,30,7801655,455683,1367
bFRKVoR_Bsg,Dry Aged Bologna,2022-03-18,Short,27S,27,67953876,2549456,7611
6PDJXdjnWM4,My mom forced me to play the violin,2022-03-12,Short,1M,60,16036832,1271536,5593
yvy2a3gmNYs,Pork Belly Accordion,2022-03-10,Short,18S,18,58670767,1906098,5690
rzkrJ7T-HSA,The Steak Review: Cracker Barrel,2022-03-04,Short,34S,34,3740331,263438,797
GZx2n_sOGj8,Should steaks be left at room temp before cooking?,2022-03-02,Short,36S,36,9559301,677119,1482
5aAdnro2mx8,Do 15lb lobsters taste bad? ft. @NickDiGiovanni,2022-02-24,Short,36S,36,43642397,2038846,6940
1LcH86evTyI,How to grill a porterhouse,2022-02-21,Short,27S,27,10204793,443583,1461
dU_dDHh_LMY,The doctor said I need to eat more fish‚Ä¶,2022-02-18,Short,15S,15,5727735,316806,2329
MY9l1G6aT_I,The time I got stood up on a date üíî,2022-02-14,Short,1M,60,43742917,3147770,8815
6iPbI3HAUEo,A Big Brisket Sandwich,2022-02-11,Short,21S,21,2463239,158629,1078
0y2ntUU5n04,Car Cooking: Red Lobster @NickDiGiovanni,2022-02-08,Short,57S,57,25321151,2027275,4880
WEfbBm7qTUE,The sandwich from my nightmares,2022-02-07,Short,25S,25,2469291,191034,1097
NqHZXM3RB9Q,The day I fell in love,2022-02-04,Short,1M,60,49267143,3028455,8402
gAEAVA9Ippg,Steak Battles: Max vs Ken‚Äôs (cops calledüëÆ‚Äç‚ôÇÔ∏è),2022-01-29,Short,56S,56,34683023,2568660,6618
Ms7gIC6i_sA,Duck Fat Chip ü¶Ü,2022-01-26,Short,42S,42,14838193,832702,3197
czKXBBUezps,The Ultimate Smash Burger,2022-01-25,Short,47S,47,3101251,273513,1353
k-kEgO4WkeE,Pork Belly Bread üê∑,2022-01-22,Short,40S,40,5116203,401286,1772
gPGAIx2wC40,28 Day Salt Dry Age üßÇ,2022-01-20,Short,34S,34,8174199,631084,1138
MshH6ajPKP4,Butter Injected Lobster ü¶û,2022-01-17,Short,34S,34,74419856,3478769,19920
YB3hofmgZLo,Homemade McFish,2022-01-15,Short,29S,29,1410892,121281,384
WpGrl1-GZMA,Chicken and Waffles x TikTok Cake #shorts,2022-01-14,Short,39S,39,10850126,705526,1844
JUFf5yrZDbA,How did I make money living in China? Ft. Every TikTok creator seasoning #shorts,2022-01-07,Short,1M,60,37509268,2572920,7982
rGoZfebxjVI,Tofu Ribs (for all my loyal vegan followers) #shorts,2022-01-06,Short,16S,16,10418167,573820,9012
R6T3D6gu1GI,Has social media made me hate cooking? #shorts,2022-01-03,Short,1M,60,3133273,231282,1391
bMC13z2GCqc,Best ‚Äúit‚Äôs raw‚Äù comment wins (pt 2) #shorts,2021-12-30,Short,12S,12,4930187,203630,12867
5GaIEvusqbU,Steak Ice Cream #shorts,2021-12-28,Short,11S,11,19669146,635122,3638
gAj7I7nt_XA,Prime Rib Reuben #shorts,2021-12-26,Short,21S,21,2218126,141274,722
Hkg2e_9PjMI,What happens if you don‚Äôt rest your roast? #shorts,2021-12-25,Short,24S,24,11184330,522221,3892
l9Yo0I3GSJ4,How to Prep & French a Prime Rib #shorts,2021-12-23,Short,24S,24,6328582,260630,340
ESBJgrUdykY,Holiday Prime Rib (Thicc crust) #shorts,2021-12-19,Short,47S,47,3921061,322958,1361
5XC6GjfM7Os,I (kinda) got kicked out of Wendy‚Äôs parking lot #shorts,2021-12-15,Short,59S,59,136071398,7141855,16900
3_OArk8bZNU,CAR COOKING: Sleepover at Wendy's (Max vs Baconator) #shorts,2021-12-15,Short,1M,60,36909432,2916105,2598
F75zF9pjVUM,Dry Aged Striped Bass #shorts,2021-12-13,Short,33S,33,2254426,166210,779
fWH79nI3DFU,Car Cooking x Does it Deep Fry: McRib #shorts,2021-12-11,Short,39S,39,4177095,344478,751
kU_W_YIsFL4,The Tomahawk King (well done & rare) #shorts,2021-12-09,Short,48S,48,22709061,1418878,8850
lZI4IT2EbIc,The Old Fashioned: Orange & Whisky Dry Age #shorts,2021-12-03,Short,37S,37,2506567,210060,520
AJ3Py2n_cUY,The Ultimate Seafood Tower #shorts,2021-12-02,Short,59S,59,1181856,106605,395
DWgJ57LV4RE,Does it Deep Fry: Whole Duck #shorts,2021-12-01,Short,29S,29,3215069,184037,1354
y3I17q1I0UQ,Pulled Pork Cinnamon Rolls #shorts,2021-11-30,Short,29S,29,949841,83009,547
blDev_gChA4,$1 vs $100 bite - what does an 8 yr old like more? #shorts,2021-11-28,Short,50S,50,53534996,2886707,16119
-2exRhKYqRk,Green Dry Aged Turkey #shorts,2021-11-26,Short,36S,36,8726337,546799,2421
iuhIgUfRz0Y,Surf & Turf Sandwich #shorts,2021-11-25,Short,29S,29,2382712,172247,917
LJaj3E29N_4,The right way to carve a Turkey #shorts,2021-11-21,Short,31S,31,3154872,242564,457
KzWS_w6An1U,üçÜ Wellington #shorts,2021-11-20,Short,16S,16,3051942,121261,821
WUGzlHBvm-E,Tomato Wellington üçÖ #shorts,2021-11-20,Short,16S,16,5751235,233526,1345
koNFDjyt6zw,The Perfect Thanksgiving Turkey #shorts,2021-11-17,Short,48S,48,5222563,320696,1807
i-15DZuO3u0,100 Day Dry Age Wagyu Beef Shank #shorts,2021-11-16,Short,1M,60,5703787,465915,1120
53gyRm319-c,The Turkey Wellington #shorts,2021-11-12,Short,44S,44,1885021,164843,639
5KLhlKMPKss,"Dry Aged Tuna Sushi ($4,000!!) #shorts",2021-11-11,Short,53S,53,30967850,1813517,6129
qc1aPTPIgvA,Bacon Wrapped Tomahawk #shorts,2021-11-09,Short,15S,15,2571094,133492,619
18lSwA77zcs,Sour patch kids dry age experiment (don't try this at home) #shorts,2021-11-06,Short,45S,45,8507245,577264,5838
sZKQVbWVNYI,Eating Duck with Mark Zuckerberg #shorts,2021-11-05,Short,1M,60,30517396,1793022,7882
Mh_IOsM88Ik,The Ostrich Egg Exploded Before I Could Slice It ü•≤ #shorts,2021-11-01,Short,17S,17,18464686,423415,1864
fGEDb2lUWI4,Should you really cut steaks AGAINST the grain? (Real fire pit) #shorts,2021-10-26,Short,38S,38,12653708,755233,1695
SfkoDFjAZ8g,How I almost burned down my house #shorts,2021-10-25,Short,44S,44,3254193,243103,686
WXKp_11ehbQ,Pumpkin Spice Dry Aged Ribeye #shorts,2021-10-24,Short,37S,37,1733061,137017,483
BjHLQzkMJtw,Does it Deep Fry: Ice #shorts,2021-10-23,Short,24S,24,5021916,281964,1269
Cun-ny0N4dw,How I almost died buying my first smoker #shorts,2021-10-18,Short,47S,47,8336196,571473,3967
9cBVeyhW_SE,I dropped this steak in real dirt #shorts,2021-10-17,Short,11S,11,855250,41972,667
jrqt8aIvKDo,Steak School: New York Strip (Strip Steak) #shorts,2021-10-16,Short,32S,32,4504098,292417,609
sNsfvfEi27Y,Chocolate & Coffee Dry Aged Ribeye #shorts,2021-10-14,Short,40S,40,4336437,362133,1202
keAOhf4FFkQ,6 Steak Temps (Ketchup - Vampire) #shorts,2021-10-11,Short,39S,39,16407939,807303,12495
Hywmhl2eQlQ,Does it Deep Fry: Pork Belly #shorts,2021-10-09,Short,18S,18,7404163,402917,1756
6KrsRM5d_0s,The Steak Review: Longhorn #shorts,2021-10-06,Short,31S,31,3926313,281695,643
0AQ_eSNlH78,Turned 29 so cooked ü•© #shorts,2021-10-02,Short,8S,8,10601145,369564,2476
MDJjWi0Wzh8,Steak Battles: Max vs Longhorn Steakhouse #shorts,2021-10-01,Short,44S,44,15261532,1289768,2318
DvawYzNvGbk,Steak of the Sea #shorts,2021-09-29,Short,11S,11,1308315,56722,422
MRWYEzIF3wM,Spicy Toro Crispy Rice #shorts,2021-09-28,Short,32S,32,747259,60537,335
H4lekFAtUZM,Grilled Lobster Roll x Truffle Fries #shorts,2021-09-25,Short,12S,12,1023467,58126,694
gEQeKJsAFSk,Team Medium Rare or Well Done? #shorts,2021-09-23,Short,29S,29,33106494,1280645,36187
hSg7OFHr1zo,Did I overreact eating the eyeball? #shorts,2021-09-22,Short,30S,30,3465787,186467,1894
_ndG_gpa3so,Pizza Wings #shorts,2021-09-20,Short,27S,27,2738111,180632,1801
0Bngto6HLh0,Beefsteak üçÖ #shorts,2021-09-16,Short,12S,12,12266560,372375,2471
9FpA4sHH-BA,The best way to cook a tomato #shorts,2021-09-16,Short,12S,12,15166427,623523,5807
fnXL_svhMoQ,Lamb & Peaches for Snoop Dogg #shorts,2021-09-12,Short,15S,15,1305376,64751,287
UKKxynoBO_w,Steak Battles: Max vs. Texas Roadhouse #shorts,2021-09-11,Short,29S,29,20507522,1325295,8522
sigPLhr_zFk,Dry Aged Wagyu Burger #shorts,2021-09-09,Short,28S,28,2707506,194133,1014
bv_mX6fbb38,Steak & Oysters #shorts,2021-09-06,Short,14S,14,5848406,244587,801
KsQeQ1nJOP4,Next Level Rib Corndogs #shorts,2021-09-04,Short,20S,20,2415730,183997,566
EbxQnE0d5Lc,Best ‚Äúit‚Äôs raw‚Äù comment wins #shorts,2021-08-31,Short,9S,9,6324600,192377,19181
A3Tqm5k1IA4,Teriyaki WAGYU Burnt Ends #shorts,2021-08-29,Short,21S,21,1922141,112421,772
kUXXjApmS-E,Butter Basted Steak Tutorial #shorts,2021-08-27,Short,38S,38,5123358,334066,1417
xPl9Qf7UGWM,Vegan sister makes tuna #shorts,2021-08-23,Short,12S,12,7606846,226983,3619
PWrP6XwudJM,Watermelon tuna #shorts,2021-08-23,Short,12S,12,12704778,351813,3572
JU7q3vcEeM0,something's fishy #shorts,2021-08-21,Short,14S,14,1714848,64662,1284
4UwJhzIKbLw,Filet & Caprese #shorts,2021-08-13,Short,18S,18,1880194,97237,451
VtPsXzlzVNM,Black Truffle & Cognac Wagyu Ribeye #shorts,2021-08-09,Short,33S,33,5776728,401871,1458
zQyaFzqnoJQ,Beef Bacon Steak #shorts,2021-08-06,Short,26S,26,6387663,372756,1326
rBQFGw8li4c,How to make smoked watermelon taste good #shorts,2021-08-03,Short,13S,13,6741259,230264,1442
bG98sWNFymA,Never wrap with tinfoil... #shorts,2021-08-03,Short,13S,13,7602162,242399,1745
-Qp7n1It40c,Most Expensive Beef Jerky? #shorts,2021-07-28,Short,13S,13,4905470,252542,884
biZupXfvcYM,Prime Rib: Beef Bacon X Blue Cheese #shorts,2021-07-26,Short,53S,53,11848057,893193,3461
l07-1bHwBp4,Beef Bacon Burnt Ends #shorts,2021-07-21,Short,36S,36,4138776,313209,1174
YDTANv-7k7g,60 Day Dry Aged Picanha (Covered in frosting?) #shorts,2021-07-17,Short,31S,31,2200252,161783,431
K-jGQmngQEQ,Black Truffle Dry Brined Wagyu #shorts,2021-07-13,Short,30S,30,4268177,269129,1238
bwaM4sQS1Ek,Trimming a Dry Aged Brisket #shorts,2021-07-12,Short,40S,40,5744560,391516,974
rrhB85u122o,The Steak Review: The Outback #shorts,2021-07-10,Short,1M,60,7524274,615326,1297
IGwWbYE9cFs,Forbidden Dorito #shorts,2021-07-06,Short,12S,12,61995256,1207780,3701
W-x_iacztuQ,4th of July STEAK CAKE (& firework show) #shorts,2021-07-04,Short,34S,34,1021504,75257,850
XDL4e4969G8,Steak Battles: Max vs. The Outback #shorts,2021-07-01,Short,54S,54,22727883,1743576,5269
R86b_OuBXDk,Onion Volcano #shorts,2021-06-27,Short,12S,12,3414644,190632,789
6bCZhAKORW8,Chili Garlic Butter Oysters #shorts,2021-06-19,Short,13S,13,810029,42361,279
8x5fkS2xECU,Dry Aged Sea Bass Sashimi #shorts,2021-06-17,Short,26S,26,2342478,140118,631
UUOuTXn2REI,Bulgogi Beef Fried Rice #shorts,2021-06-16,Short,32S,32,3718179,258800,1878
XqQ6mqKajj0,Catch & Cook: Black Sea Bass CEVICHE #shorts,2021-06-12,Short,24S,24,1301636,68810,283
np_6Bt59Y80,Watermelon & Mustard: SHOCKING Results #shorts,2021-06-11,Short,12S,12,4107862,146036,1171
3imf3xPNh4g,Car Cooking: Wagyu A5 at Taco Bell #shorts,2021-06-09,Short,33S,33,10221359,693836,2194
ibF94yHR2Ug,TikTok said my meat looked dry #shorts,2021-06-08,Short,15S,15,2588167,116997,3266
eiM8zDAH8dw,The Surf & Turf Crayfish #shorts,2021-06-07,Short,29S,29,882116,61364,389
WaJW8Cvnr6g,5 Spice Ribs #shorts,2021-06-04,Short,23S,23,518307,35746,164
i7gA9w-Cxa0,How much meat do I eat? #shorts,2021-06-02,Short,31S,31,6041902,368988,1863
-b_PbTMbwF0,The 50 Day Dry Aged Brisket Sandwich #shorts,2021-05-27,Short,31S,31,8224266,415671,1632
jlQYv3hM0uQ,Whiskey Aged Steak #shorts,2021-05-25,Short,30S,30,11239568,606148,1519
04ECZ_Ohfi4,Steak School: Beef Tenderloin #shorts,2021-05-18,Short,52S,52,6089331,499626,1287
hIOb9b-xspc,Duck & A Story #shorts,2021-05-17,Short,31S,31,6533062,308833,1957
40FdljGsWOg,Wine Aged Ribeye #shorts,2021-05-13,Short,31S,31,2040308,139149,652
S8EzdS4nE0w,Honey Mustard Ribs #shorts,2021-05-11,Short,28S,28,543237,34779,292
H89U4ZZAQ5U,Candied Bacon X Bourbon Ribs #shorts,2021-05-06,Short,25S,25,672410,48406,227
DvnZ4ch99PY,Dry Aged Duck #shorts,2021-05-06,Short,25S,25,37404139,1035440,8605
EJh7o5AzqGU,All Aboard the Twisted Bacon Train #shorts,2021-04-30,Short,45S,45,3043708,194894,1757
XUW85TmLNJc,The Meat CHESS BOARD #shorts,2021-04-24,Short,31S,31,3099254,171863,1012
A24cBt35kLA,Duck CONFIT (date night food) #shorts,2021-04-22,Short,23S,23,860372,43165,270
ygP-cZdTIgQ,Wagyu Tomahawk‚Ä¶ Pastrami? #shorts,2021-04-18,Short,30S,30,3411104,158569,745
XgmLWmc2IsI,Steak and a Story: Why I Started Social Media #shorts,2021-04-16,Short,43S,43,3677288,259831,1289
yOzjlNzka5w,Choose Your Meat Wisely #shorts,2021-04-13,Short,27S,27,14552417,459997,4569
7XYGcMlNWOY,Salmon Cinnamon Roll... but FANCY #shorts,2021-04-11,Short,46S,46,1145735,91899,539
LMWuaQbIoDI,A Guide To Dry Aging: Rib Roast Experiment #shorts,2021-04-08,Short,39S,39,1178843,90361,272
_QbmYhrzie0,The BASKETBALL Ham #shorts,2021-04-04,Short,57S,57,8210369,527248,2301
O1Sc8uw6UjM,Lamb Rack WELLINGTON for @gordonramsay #shorts,2021-03-30,Short,46S,46,1900499,157415,881
V7bTTaZn6Jg,Fitting a Chicken in a Sandwich #shorts,2021-03-26,Short,40S,40,5956048,285498,2277
E9ShGXo5Bww,King Crab JERKY #shorts,2021-03-23,Short,27S,27,2983645,149017,561
fPSQZ91RzTY,Steak School Pt. 2: Skirt Steak 101 #shorts,2021-03-21,Short,56S,56,1951314,146715,408
oozpaRAAY9g,WAGYU X Candied Bacon Compound Butter #shorts,2021-03-19,Short,42S,42,1559001,113324,737
iGhX600vU68,Car Cooking: WHOLE Chicken Chick-fil-A #shorts,2021-03-13,Short,41S,41,35758380,1949502,8242
htGQcQzy1Jw,Reverse Sear vs Direct Heat #shorts,2021-03-11,Short,31S,31,2108229,139184,544
FWsWKFUVN_o,King Crab Cake CUPCAKES #shorts,2021-03-11,Short,44S,44,292706,18309,231
z85irTkXMi8,Halloween STEAK CAKE Throwback #shorts,2021-03-10,Short,59S,59,544235,49412,473
LW3nSNGAA8M,DOUBLE CRUST Ribeye #shorts,2021-03-10,Short,59S,59,1601477,100425,570
rFD2BiMxnYU,WAGYU Beef Jerky? #shorts,2021-03-09,Short,53S,53,1414685,112519,725
r2o9WKXQ8Fc,Gordon Ramsay Wasn‚Äôt Happy With my Wellington! #shorts,2021-03-09,Short,53S,53,3142230,192597,1192
ycDG7tDhM7U,DINO Rib Confit x Duck Fat #shorts,2021-03-08,Short,36S,36,1423107,85073,477
N8coGPYDkBM,The SCORPION Beef Bomb #shorts,2021-03-08,Short,59S,59,2216590,148783,1601
GIR7dZyKUfo,Grilled STEAK Tutorial: Thin Cuts #shorts,2021-03-07,Short,59S,59,1609866,109784,704
6RbdIE6w_J4,Game changer Cinnamon Toast CRUNCH #shorts,2021-03-07,Short,43S,43,341699,22040,296
sdJLOQVh3Zk,Lobster and CAVIAR Bites #shorts,2021-03-06,Short,46S,46,669095,46838,378
sZr189j3THg,Bacon BREAD BLT: ASMR #shorts,2021-03-06,Short,16S,16,320935,14371,249
-Ou09DfmCgc,Doc Said Add FISH to My Diet #shorts,2021-03-05,Short,21S,21,833312,48506,610
Yfpl9RLbgOg,Car Cooking: The Filet-O-Fish #shorts,2021-03-04,Short,41S,41,24550428,1539738,7634
h-Ry_yTEKAI,Fresh MANGO Habanero Wangz #shorts,2021-03-03,Short,51S,51,338855,22656,161
G8RZKaoluAk,SQUIRREL TAIL Fish #shorts,2021-03-02,Short,42S,42,1476144,60172,760
B2i-PHENcJA,Oxtail DUMPLINGS #shorts,2021-02-28,Short,23S,23,668617,40503,494
p4elMv3PJOk,Taki Chicken Cordon BLUE #shorts,2021-02-28,Short,30S,30,1114594,50999,602
rsxpryCkHE0,Car Cooking: Fixing the IMPOSSIBLE Burger #shorts,2021-02-27,Short,41S,41,3486184,249199,1581
O55rt9_JAYA,Smoked Whiskey Glazed Pork Roast #shorts,2021-02-26,Short,44S,44,469670,31888,212
be0Cal-gs58,Using Snow to Cook a Better Porterhouse #shorts,2021-02-25,Short,37S,37,2123587,123674,541
Pg3ToNePSRA,Perfect Korean BEEF Marinade #shorts,2021-02-23,Short,30S,30,560897,27817,206
H8ejRXfIGPg,The IMMORTAL Hot Pocket pt. 2 #shorts,2021-02-22,Short,32S,32,546573,35826,337
j90UUvwLPKw,The HAMDOG #shorts,2021-02-21,Short,46S,46,3706214,265680,2482
D8-YO_NcPkQ,Sous Vide x Smoked x Smash BURGER #shorts,2021-02-21,Short,58S,58,3736932,303927,2072
0_N0fdXYaAA,Fresh Chili Lime WANGZ #shorts,2021-02-20,Short,54S,54,347865,23115,221
1QdWOB_OMj4,Leg of LAMB: ASMR #shorts,2021-02-18,Short,16S,16,375381,17818,206
ASYaBkUUMwQ,HABANERO Compound Butter ASMR #shorts,2021-02-17,Short,15S,15,449195,18875,182
fByMB8ukv7g,BOURBON Glazed Beer Can Turkey #shorts,2021-02-16,Short,16S,16,380921,14741,244
N6qLoOAHTU0,Steak School: Ribeye 101 in 60 Seconds #shorts,2021-02-15,Short,59S,59,1119405,65585,358
9aV5f6w3G5A,Bacon Wrapped GOOSE #shorts,2021-02-14,Short,52S,52,1790097,131315,1386
KbFrYwfC6Uo,Filet Mignon STEAK EXPERIMENT #shorts,2021-02-12,Short,54S,54,10600800,734690,2137
VYRHp1kg5UU,Jalape√±o Smoked SALMON Dip (the perfect dip) #shorts,2021-02-11,Short,43S,43,491820,28817,257
-kA_6WG4meQ,The SUPER (Bacon & Queso) Bowl #shorts,2021-02-09,Short,58S,58,1741663,99578,695
NQFnpRx6Ajc,SALMON Bread #shorts,2021-02-07,Short,47S,47,5037960,321615,1935
8u_L6--738k,Car Cooking: The Oreo McFlurry #shorts,2021-02-04,Short,59S,59,36018502,2280333,7247
V5uvSbW-Y0o,The PORCHETTA Glizzy Wellington (pt4) #shorts,2021-02-04,Short,55S,55,1268155,69217,901
lCK6zrwnBGw,Smoked LOBSTER and Garlic Butter #shorts,2021-02-03,Short,30S,30,599281,33662,434
JvI42klX2so,Bacon STEAK #shorts,2021-02-02,Short,32S,32,1880347,116577,908
4cuGjdEQ11w,Is DRY BRINING Worth It? Steak Science #shorts,2021-02-01,Short,58S,58,1448678,71629,348
TduiEN47DIc,The IMMORTAL Hot Pocket pt1 #shorts,2021-01-31,Short,56S,56,2346693,133007,1033
d1ClvpNZycs,JUMBO Surf & Turf TEMPURA #shorts,2021-01-29,Short,40S,40,1081997,45097,467
bde4_GrdjMM,Honey Mustard x Ghost Pepper WANGZ #shorts,2021-01-27,Short,34S,34,608259,23785,354
9KgJDGLcWmw,CRUNCH WRAP Supreme #shorts,2021-01-25,Short,59S,59,4847638,321871,2321
feL8t43tLZA,The WAGYU Big Mac (Car Cooking pt4) #shorts,2021-01-24,Short,41S,41,17247921,912954,3654
hSD48Iop-Ms,Worlds Most EXPENSIVE Beef Jerky (A5 Wagyu Filet Mignon) #shorts,2021-01-23,Short,30S,30,2250559,89036,764
OxWnNyImzw4,BACON Bread: BLT & Salad Bowl #shorts,2021-01-23,Short,36S,36,865620,31943,633
WhTiePz20IU,The GOLDEN Goldfish #shorts,2021-01-22,Short,55S,55,1567428,53330,1041
BUP7MiEFrcU,Cooking BAMBI: ASMR #shorts,2021-01-22,Short,16S,16,1370298,40890,792
_x1rQpyQy4A,WAGYU Nachos #shorts,2021-01-21,Short,40S,40,1279943,65422,735
zNjnRDFKv8M,Salmon CANDY #shorts,2021-01-20,Short,33S,33,1094141,39337,613
cyrVgqAD6xc,Candied BACON x Ice Cream #shorts,2021-01-20,Short,35S,35,464221,23784,750
uNCxAk6ozPE,Tofu RIBS #shorts,2021-01-19,Short,44S,44,3141655,189554,3245
wJXmkEN2XrA,Golden GLIZZY Wellington! #shorts,2021-01-19,Short,58S,58,3599786,293455,1754
7MwM4I91o1Q,LOBSTER Hacks #shorts,2021-01-18,Short,15S,15,12094924,534963,1145
OfVHuqUGlyg,Hot dog OR Hamburger? #shorts,2021-01-18,Short,44S,44,1092132,45790,1419
U-Lk0uoMN7I,BACON Studded Smoked SALMON #shorts,2021-01-17,Short,58S,58,3112796,219064,1220
6kKfZQ8u4T8,Eating a 300 DAY Old Steak RAW #shorts,2021-01-17,Short,56S,56,32265891,1425283,13693
dOAyYRAPwr0,The GLIZZY Wellington Pt2 #shorts,2021-01-16,Short,58S,58,9399706,552518,3386
MWjQZ1Tx-20,The GLIZZY Wellington #shorts,2021-01-15,Short,51S,51,1769307,58033,1455
-K6E6U58zGE,LOBSTER x Grilled Cheese #shorts,2021-01-14,Short,56S,56,1698893,65281,1068
4IdSz2V4RF8,PORKLESS Salmon x Cinnamon Roll #shorts,2021-01-13,Short,51S,51,1435293,49360,942
oFhNJgWM6Y0,BRINGING THE MEATS to Arby‚Äôs: Car Cooking pt3 #shorts,2021-01-12,Short,31S,31,6471532,202239,1775
JWSZsYag6O4,Will it Wellington? CINNAMON ROLLS #shorts,2021-01-11,Short,31S,31,1375775,41230,1316
w8j9C0BbtDg,Swedish Fish #shorts,2021-01-10,Short,31S,31,1665381,48092,1055
YMrP85Olqa8,Surf & TURF Sushi #shorts,2021-01-09,Short,29S,29,1344258,45539,597
7VLkKClEug8,Hot Tub TUNA #shorts,2021-01-08,Short,26S,26,3418255,80697,1638
Z82F8XA68rc,Car Cooking pt2 THE McRIB #shorts,2021-01-06,Short,27S,27,7889751,301788,1554
w6fdVersAmg,Smoked Bacon S‚ÄôMORE Bombs #shorts,2021-01-05,Short,53S,53,391503,16810,574
PN_1jWeLf2c,Ribs in a CORN DOG!! #shorts,2021-01-04,Short,32S,32,799901,32313,624
a42lVGMqACk,Garlic BOMBS! #shorts,2021-01-03,Short,32S,32,1079952,45594,584
GoofISdn2TQ,The PERFECT Bite: Bacon STUDDED Scallops & Caviar #shorts,2021-01-02,Short,39S,39,574451,20347,606
XD_O33aU9wU,FrankenSTEAK: Gluing a Filet to a Ribeye #shorts,2020-12-30,Short,29S,29,1529497,55611,657
6bXYJ4Z1Sc0,A5 Wagyu x PURPLE Cauliflower #shorts,2020-12-28,Short,46S,46,1420662,56818,1262
HZ-bqnA5ioQ,Grow a GLIZZY #shorts,2020-12-27,Short,47S,47,6565111,304896,5815
hXFVFkNy01o,Bacon Stuffed BUNS Triple Smash Burger #shorts,2020-12-26,Short,50S,50,1418970,85460,1031
DNaLdMOmSWw,SHREDDING a Wagyu Steak #shorts,2020-12-25,Short,51S,51,3380710,163003,1468
IInYY3tkshE,PRIME RIB Laced w/ Bacon & Blue Cheese #shorts,2020-12-25,Short,55S,55,1086869,57991,999
ROxD5KeuPTU,Fresh EEL Sushi #shorts,2020-12-24,Short,50S,50,785679,25898,720
-4MKnJY-2hc,VENISON Rib Roast #shorts,2020-12-22,Short,55S,55,853194,37531,803
d7aB-aTdc4c,Black Hawk BEEF Bomb #shorts,2020-12-21,Short,56S,56,1544832,68103,1051
ja_Uw62RulA,Root Beer Glazed RIBS x Root Beer Float #shorts,2020-12-20,Short,33S,33,487779,22354,372
Lkx2dacy-PQ,LAMB Rack x Balsamic Blackberry Glaze #shorts,2020-12-19,Short,58S,58,569153,25094,469
hBd1FRlHczg,Smoked SALMON x Cinnamon Roll #shorts,2020-12-15,Short,55S,55,1799540,108155,1157
eqE0ag_XYsA,Will it Easy Bake: WAGYU A5 & Truffles #shorts,2020-12-15,Short,48S,48,802383,33812,673
xdSGOWKt_6o,Holiday Tree. Meat Galore. #shorts,2020-12-08,Short,59S,59,1474626,46880,2070
D1SeFPWNxss,Candied BACON: Chocolate x Sriracha #shorts,2020-12-06,Short,24S,24,399302,14951,287
ecxEdDh1GJ0,Boneless Wings EXPOSED #shorts,2020-12-03,Short,37S,37,7244568,258613,2331
wPm6qrUuvGI,Taco TWINKIE x Flaming Hot Mozzarella Stick #shorts,2020-11-30,Short,54S,54,1573293,62686,1098
OQ435x0Kf1s,The TURKEY FOOTBALL #shorts,2020-11-29,Short,59S,59,2924286,179744,2020
A9tZvbzU0zs,Will it EASY BAKE? pt2 Baby Back Ribs #shorts,2020-11-24,Short,44S,44,925643,44019,887
ya64LQKTGBs,Will it EASY BAKE? pt1 Ribeye and Potatoes ü•©ü•î  #shorts,2020-11-20,Short,55S,55,3832389,197716,2131
MWLYWOtmJVY,The STEAK Cake ü•© üéÇ #shorts,2020-11-15,Short,52S,52,895751,39842,1341
5OLKyNq1aF0,3 Perfect STEAK Sauces ü•©,2020-11-13,Short,53S,53,2311083,100356,1117
AqqH_AEcJ8Q,The Pork PRETZEL üêΩ + ü•®,2020-11-10,Short,49S,49,2654481,141904,2592
IU_0YZ_Bshw,WELLINGTON Steak Cake! Happy Birthday Gordon Ramsay & Tilly Ramsayü•©üéÇü•ñ,2020-11-08,Short,59S,59,5831442,339871,2758
MZ5z_XEM0M8,Prime Rib Laced With BACON ü•©ü•ì,2020-11-06,Short,59S,59,2307649,82859,1702
